Sales Person,Country,Product,Date,Amount,Boxes Shipped,Discount,Priority for shipping,,Unique Name ,Total sales Per name ,Unique Product,,Average per Product
Jehu Rudeforth,UK,Mint Chip Choco,4-Jan-22,"$5,320 ",180,266,needs Shipping,,Jehu Rudeforth,220976,Mint Chip Choco,45,4910.577778
Van Tuxwell,India,85% Dark Bars,1-Aug-22,"$7,896 ",94,394.8,needs Shipping,,Van Tuxwell,303149,85% Dark Bars,50,6062.98
Gigi Bohling,India,Peanut Butter Cubes,7-Jul-22,"$4,501 ",91,225.05,needs Shipping,,Gigi Bohling,232666,Peanut Butter Cubes,49,4748.285714
Jan Morforth,Australia,Peanut Butter Cubes,27-Apr-22,"$12,726 ",342,636.3,needs Shipping,,Jan Morforth,219667,Smooth Sliky Salty,59,3723.169492
Jehu Rudeforth,UK,Peanut Butter Cubes,24-Feb-22,"$13,685 ",184,684.25,needs Shipping,,Oby Sorrel,316645,99% Dark & Pure,49,6462.142857
Van Tuxwell,India,Smooth Sliky Salty,6-Jun-22,"$5,376 ",38,268.8,Delay Shipping,,Gunar Cockshoot,238483,After Nines,50,4769.66
Oby Sorrel,UK,99% Dark & Pure,25-Jan-22,"$13,685 ",176,684.25,needs Shipping,,Brien Boise,312816,50% Dark Bites,60,5213.6
Gunar Cockshoot,Australia,After Nines,24-Mar-22,"$3,080 ",73,154,needs Shipping,,Rafaelita Blaksland,210245,Orange Choco,47,4473.297872
Jehu Rudeforth,New Zealand,50% Dark Bites,20-Apr-22,"$3,990 ",59,199.5,needs Shipping,,Barr Faughny,258713,Eclairs,60,4311.883333
Brien Boise,Australia,99% Dark & Pure,4-Jul-22,"$2,835 ",102,141.75,needs Shipping,,Mallorie Waber,200592,Drinking Coco,56,3582
Rafaelita Blaksland,UK,Smooth Sliky Salty,13-Jan-22,"$4,704 ",62,235.2,needs Shipping,,Karlen McCaffrey,223895,Organic Choco Syrup,52,4305.673077
Barr Faughny,USA,Orange Choco,10-Mar-22,"$3,703 ",11,296.24,Delay Shipping,,Marney O'Breen,259742,Milk Bars,49,5300.857143
Mallorie Waber,Canada,Eclairs,13-Jan-22,"$1,442 ",286,72.1,needs Shipping,,Beverie Moffet,278922,Spicy Special Slims,54,5165.222222
Karlen McCaffrey,New Zealand,Drinking Coco,28-Jul-22,$168 ,156,8.4,needs Shipping,,Roddy Speechley,251062,Fruit & Nut Bars,50,5021.24
Marney O'Breen,New Zealand,Peanut Butter Cubes,3-Aug-22,"$8,379 ",173,418.95,needs Shipping,,Curtice Advani,216461,White Choc,58,3732.086207
Beverie Moffet,Australia,Organic Choco Syrup,26-Jan-22,"$6,790 ",356,339.5,needs Shipping,,Husein Augar,205212,Manuka Honey Choco,45,4560.266667
Van Tuxwell,Canada,Organic Choco Syrup,14-Feb-22,"$4,067 ",42,203.35,Delay Shipping,,Kaine Padly,266490,Almond Choco,48,5551.875
Roddy Speechley,USA,Smooth Sliky Salty,5-Apr-22,"$3,017 ",140,241.36,needs Shipping,,Dennison Crosswaite,291669,Raspberry Choco,48,6076.4375
Beverie Moffet,Canada,Milk Bars,16-Feb-22,"$8,799 ",250,439.95,needs Shipping,,Wilone O'Kielt,138523,Choco Coated Almonds,39,3551.871795
Curtice Advani,UK,85% Dark Bars,8-Jun-22,"$1,085 ",172,54.25,needs Shipping,,Andria Kimpton,201747,Baker's Choco Chips,41,4920.658537
Brien Boise,Australia,Eclairs,27-Jun-22,"$6,888 ",88,344.4,needs Shipping,,Kelci Walkden,311710,Caramel Stuffed Bars,43,7249.069767
Gunar Cockshoot,USA,Spicy Special Slims,17-Feb-22,"$1,267 ",157,101.36,needs Shipping,,Camilla Castle,196616,70% Dark Bites,42,4681.333333
Marney O'Breen,USA,After Nines,30-May-22,"$4,753 ",163,380.24,needs Shipping,,Madelene Upcott,316099,,1094,
Husein Augar,UK,Drinking Coco,14-Mar-22,"$3,003 ",113,150.15,needs Shipping,,Dotty Strutley,190624,,,
Kaine Padly,Australia,Eclairs,28-Feb-22,"$7,672 ",115,383.6,needs Shipping,,Ches Bonnell,320901,,,
Karlen McCaffrey,India,Fruit & Nut Bars,26-Jan-22,$168 ,321,8.4,needs Shipping,,,,,,
Roddy Speechley,Canada,Spicy Special Slims,9-Feb-22,"$1,652 ",186,82.6,needs Shipping,,,,,,
Husein Augar,USA,Eclairs,7-Jul-22,"$4,025 ",112,322,needs Shipping,,,,,,
Dennison Crosswaite,New Zealand,White Choc,5-Jul-22,"$9,492 ",151,474.6,needs Shipping,,,,,,
Dennison Crosswaite,New Zealand,Manuka Honey Choco,15-Jun-22,"$5,061 ",301,253.05,needs Shipping,,,,,,
Van Tuxwell,New Zealand,85% Dark Bars,24-May-22,"$1,722 ",121,86.1,needs Shipping,,,,,,
Rafaelita Blaksland,UK,99% Dark & Pure,29-Jun-22,"$12,446 ",150,622.3,needs Shipping,,,,,,
Wilone O'Kielt,Australia,Manuka Honey Choco,11-May-22,"$4,284 ",94,214.2,needs Shipping,,,,,,
Karlen McCaffrey,UK,Almond Choco,30-Jun-22,"$6,839 ",133,341.95,needs Shipping,,,,,,
Andria Kimpton,Canada,After Nines,11-May-22,"$2,163 ",70,108.15,needs Shipping,,,,,,
Roddy Speechley,USA,Manuka Honey Choco,22-Jul-22,"$9,583 ",315,766.64,needs Shipping,,,,,,
Andria Kimpton,UK,50% Dark Bites,24-Aug-22,"$2,653 ",314,132.65,needs Shipping,,,,,,
Kelci Walkden,New Zealand,After Nines,7-Jul-22,$147 ,72,7.35,needs Shipping,,,,,,
Camilla Castle,Australia,85% Dark Bars,19-May-22,"$3,654 ",14,182.7,Delay Shipping,,,,,,
Karlen McCaffrey,India,Manuka Honey Choco,4-Jul-22,"$2,443 ",581,122.15,needs Shipping,,,,,,
Kelci Walkden,USA,After Nines,2-Jun-22,$938 ,16,75.04,Delay Shipping,,,,,,
Karlen McCaffrey,USA,Raspberry Choco,15-Apr-22,"$14,749 ",354,1179.92,needs Shipping,,,,,,
Mallorie Waber,Canada,Choco Coated Almonds,11-Jul-22,"$4,781 ",241,239.05,needs Shipping,,,,,,
Andria Kimpton,India,Spicy Special Slims,23-Feb-22,"$6,307 ",142,315.35,needs Shipping,,,,,,
Madelene Upcott,Canada,Almond Choco,22-Aug-22,"$7,602 ",102,380.1,needs Shipping,,,,,,
Kaine Padly,USA,Peanut Butter Cubes,16-Feb-22,"$6,790 ",188,543.2,needs Shipping,,,,,,
Van Tuxwell,USA,50% Dark Bites,13-Jan-22,"$9,737 ",160,778.96,needs Shipping,,,,,,
Curtice Advani,Australia,Milk Bars,14-Feb-22,"$6,979 ",18,348.95,Delay Shipping,,,,,,
Roddy Speechley,India,Eclairs,10-Jun-22,"$4,382 ",303,219.1,needs Shipping,,,,,,
Curtice Advani,India,Fruit & Nut Bars,7-Jul-22,"$5,243 ",176,262.15,needs Shipping,,,,,,
Curtice Advani,Canada,Almond Choco,24-Mar-22,"$4,865 ",70,243.25,needs Shipping,,,,,,
Brien Boise,Australia,Fruit & Nut Bars,6-Jun-22,"$8,575 ",23,428.75,Delay Shipping,,,,,,
Dotty Strutley,Australia,Drinking Coco,19-Jul-22,$91 ,135,4.55,needs Shipping,,,,,,
Beverie Moffet,USA,Raspberry Choco,19-Apr-22,"$14,798 ",83,1183.84,needs Shipping,,,,,,
Marney O'Breen,India,85% Dark Bars,19-Jul-22,"$2,205 ",179,110.25,needs Shipping,,,,,,
Jehu Rudeforth,Canada,Drinking Coco,15-Jul-22,$441 ,24,22.05,Delay Shipping,,,,,,
Ches Bonnell,New Zealand,Spicy Special Slims,14-Feb-22,"$3,556 ",18,177.8,Delay Shipping,,,,,,
Brien Boise,Canada,99% Dark & Pure,18-May-22,"$16,793 ",416,839.65,needs Shipping,,,,,,
Barr Faughny,Australia,Fruit & Nut Bars,30-Jun-22,"$15,421 ",55,771.05,needs Shipping,,,,,,
Andria Kimpton,Australia,50% Dark Bites,2-Jun-22,"$4,438 ",227,221.9,needs Shipping,,,,,,
Andria Kimpton,Australia,Drinking Coco,28-Jun-22,"$1,603 ",48,80.15,Delay Shipping,,,,,,
Marney O'Breen,Australia,Organic Choco Syrup,16-May-22,$273 ,174,13.65,needs Shipping,,,,,,
Kelci Walkden,Canada,Baker's Choco Chips,26-May-22,"$3,073 ",302,153.65,needs Shipping,,,,,,
Karlen McCaffrey,India,Almond Choco,6-Jul-22,"$6,090 ",149,304.5,needs Shipping,,,,,,
Oby Sorrel,India,99% Dark & Pure,27-May-22,"$10,255 ",11,512.75,Delay Shipping,,,,,,
Wilone O'Kielt,Australia,Caramel Stuffed Bars,14-Apr-22,"$2,030 ",11,101.5,Delay Shipping,,,,,,
Van Tuxwell,Australia,Organic Choco Syrup,10-Aug-22,"$19,453 ",14,972.65,Delay Shipping,,,,,,
Camilla Castle,India,50% Dark Bites,4-Jul-22,"$9,275 ",411,463.75,needs Shipping,,,,,,
Oby Sorrel,India,Organic Choco Syrup,8-Jul-22,"$6,181 ",56,309.05,needs Shipping,,,,,,
Jan Morforth,USA,Peanut Butter Cubes,22-Jul-22,"$9,037 ",102,722.96,needs Shipping,,,,,,
Gigi Bohling,USA,Choco Coated Almonds,2-Mar-22,"$12,313 ",103,985.04,needs Shipping,,,,,,
Gigi Bohling,UK,Almond Choco,10-Jan-22,"$5,642 ",9,282.1,Delay Shipping,,,,,,
Jehu Rudeforth,New Zealand,White Choc,11-Mar-22,"$2,800 ",241,140,needs Shipping,,,,,,
Andria Kimpton,New Zealand,Peanut Butter Cubes,20-Jun-22,$959 ,265,47.95,needs Shipping,,,,,,
Van Tuxwell,UK,Organic Choco Syrup,26-Aug-22,"$2,002 ",214,100.1,needs Shipping,,,,,,
Roddy Speechley,Canada,Milk Bars,13-Jul-22,$609 ,32,30.45,Delay Shipping,,,,,,
Camilla Castle,USA,Spicy Special Slims,11-Feb-22,"$1,274 ",244,101.92,needs Shipping,,,,,,
Marney O'Breen,USA,Orange Choco,27-Jan-22,"$7,595 ",181,607.6,needs Shipping,,,,,,
Van Tuxwell,UK,99% Dark & Pure,31-Jan-22,"$4,725 ",137,236.25,needs Shipping,,,,,,
Camilla Castle,USA,White Choc,18-Aug-22,"$9,681 ",24,774.48,Delay Shipping,,,,,,
Andria Kimpton,USA,Raspberry Choco,30-Jun-22,"$14,504 ",21,1160.32,Delay Shipping,,,,,,
Dotty Strutley,Australia,Fruit & Nut Bars,23-Aug-22,$280 ,311,14,needs Shipping,,,,,,
Brien Boise,New Zealand,Mint Chip Choco,1-Aug-22,$63 ,181,3.15,needs Shipping,,,,,,
Roddy Speechley,New Zealand,After Nines,25-May-22,"$8,001 ",10,400.05,Delay Shipping,,,,,,
Roddy Speechley,Canada,Organic Choco Syrup,10-Jan-22,"$4,032 ",82,201.6,needs Shipping,,,,,,
Dennison Crosswaite,Australia,70% Dark Bites,7-Feb-22,"$5,859 ",108,292.95,needs Shipping,,,,,,
Karlen McCaffrey,USA,Orange Choco,12-May-22,"$11,095 ",401,887.6,needs Shipping,,,,,,
Madelene Upcott,Australia,Spicy Special Slims,7-Mar-22,"$7,182 ",408,359.1,needs Shipping,,,,,,
Dennison Crosswaite,Australia,85% Dark Bars,5-Apr-22,"$6,881 ",420,344.05,needs Shipping,,,,,,
Andria Kimpton,Canada,Caramel Stuffed Bars,3-Jan-22,"$7,154 ",348,357.7,needs Shipping,,,,,,
Dennison Crosswaite,UK,Eclairs,24-Mar-22,"$6,188 ",270,309.4,needs Shipping,,,,,,
Madelene Upcott,India,Raspberry Choco,7-Jul-22,"$4,221 ",9,211.05,Delay Shipping,,,,,,
Van Tuxwell,USA,After Nines,26-Jul-22,$630 ,264,50.4,needs Shipping,,,,,,
Wilone O'Kielt,Australia,Organic Choco Syrup,7-Jul-22,"$1,743 ",111,87.15,needs Shipping,,,,,,
Karlen McCaffrey,Canada,50% Dark Bites,15-Jul-22,"$2,919 ",65,145.95,needs Shipping,,,,,,
Roddy Speechley,New Zealand,Orange Choco,1-Apr-22,$49 ,97,2.45,needs Shipping,,,,,,
Beverie Moffet,Australia,Eclairs,20-Jun-22,"$1,827 ",6,91.35,Delay Shipping,,,,,,
Kelci Walkden,UK,Fruit & Nut Bars,29-Jun-22,"$13,006 ",482,650.3,needs Shipping,,,,,,
Marney O'Breen,USA,50% Dark Bites,15-Jun-22,"$1,064 ",106,85.12,needs Shipping,,,,,,
Husein Augar,USA,After Nines,8-Apr-22,"$11,571 ",180,925.68,needs Shipping,,,,,,
Dennison Crosswaite,Australia,Raspberry Choco,14-Mar-22,"$5,740 ",31,287,Delay Shipping,,,,,,
Andria Kimpton,USA,Fruit & Nut Bars,15-Jul-22,"$1,456 ",359,116.48,needs Shipping,,,,,,
Kelci Walkden,India,Eclairs,19-Apr-22,"$5,334 ",80,266.7,needs Shipping,,,,,,
Marney O'Breen,USA,99% Dark & Pure,28-Mar-22,"$4,151 ",296,332.08,needs Shipping,,,,,,
Brien Boise,Canada,Spicy Special Slims,4-Mar-22,"$8,106 ",101,405.3,needs Shipping,,,,,,
Karlen McCaffrey,New Zealand,70% Dark Bites,2-Aug-22,$126 ,40,6.3,Delay Shipping,,,,,,
Husein Augar,UK,Spicy Special Slims,25-Aug-22,"$4,697 ",42,234.85,Delay Shipping,,,,,,
Marney O'Breen,USA,Almond Choco,25-Feb-22,"$7,798 ",167,623.84,needs Shipping,,,,,,
Kelci Walkden,India,Orange Choco,7-Jun-22,"$9,408 ",138,470.4,needs Shipping,,,,,,
Jan Morforth,India,Spicy Special Slims,12-Apr-22,"$1,939 ",520,96.95,needs Shipping,,,,,,
Ches Bonnell,India,Spicy Special Slims,6-Jul-22,"$10,906 ",94,545.3,needs Shipping,,,,,,
Kelci Walkden,UK,Smooth Sliky Salty,19-Jan-22,"$5,929 ",175,296.45,needs Shipping,,,,,,
Madelene Upcott,Australia,Fruit & Nut Bars,5-Jan-22,"$5,579 ",92,278.95,needs Shipping,,,,,,
Madelene Upcott,Canada,70% Dark Bites,24-Jan-22,"$10,927 ",141,546.35,needs Shipping,,,,,,
Wilone O'Kielt,Australia,Drinking Coco,6-Apr-22,$623 ,283,31.15,needs Shipping,,,,,,
Gunar Cockshoot,Australia,Fruit & Nut Bars,15-Jun-22,"$6,013 ",21,300.65,Delay Shipping,,,,,,
Gigi Bohling,Canada,Baker's Choco Chips,28-Jan-22,"$1,505 ",47,75.25,Delay Shipping,,,,,,
Kelci Walkden,India,Caramel Stuffed Bars,16-Mar-22,$476 ,125,23.8,needs Shipping,,,,,,
Rafaelita Blaksland,Australia,Drinking Coco,21-Feb-22,"$11,550 ",396,577.5,needs Shipping,,,,,,
Kelci Walkden,USA,Manuka Honey Choco,16-Feb-22,"$17,318 ",87,1385.44,needs Shipping,,,,,,
Jehu Rudeforth,Canada,Spicy Special Slims,13-Jan-22,"$1,848 ",27,92.4,Delay Shipping,,,,,,
Kelci Walkden,Australia,Eclairs,23-Mar-22,"$7,273 ",547,363.65,needs Shipping,,,,,,
Curtice Advani,Canada,Spicy Special Slims,16-Jun-22,$854 ,118,42.7,needs Shipping,,,,,,
Oby Sorrel,India,Raspberry Choco,14-Apr-22,"$6,832 ",46,341.6,Delay Shipping,,,,,,
Kelci Walkden,UK,Eclairs,25-Jan-22,"$4,606 ",57,230.3,needs Shipping,,,,,,
Jan Morforth,India,Almond Choco,11-Mar-22,"$4,466 ",22,223.3,Delay Shipping,,,,,,
Dotty Strutley,UK,Almond Choco,28-Jul-22,"$16,114 ",96,805.7,needs Shipping,,,,,,
Marney O'Breen,New Zealand,After Nines,9-Mar-22,"$1,561 ",44,78.05,Delay Shipping,,,,,,
Husein Augar,Australia,Orange Choco,28-Jun-22,"$8,897 ",188,444.85,needs Shipping,,,,,,
Marney O'Breen,Australia,Milk Bars,28-Jul-22,"$2,464 ",387,123.2,needs Shipping,,,,,,
Kelci Walkden,Canada,99% Dark & Pure,15-Aug-22,"$4,830 ",50,241.5,needs Shipping,,,,,,
Kaine Padly,Australia,Manuka Honey Choco,12-Jan-22,"$2,765 ",264,138.25,needs Shipping,,,,,,
Beverie Moffet,New Zealand,White Choc,24-Mar-22,"$7,126 ",7,356.3,Delay Shipping,,,,,,
Van Tuxwell,UK,Milk Bars,25-Jul-22,"$4,263 ",90,213.15,needs Shipping,,,,,,
Oby Sorrel,Canada,99% Dark & Pure,1-Aug-22,"$3,605 ",403,180.25,needs Shipping,,,,,,
Van Tuxwell,India,Organic Choco Syrup,16-May-22,"$19,929 ",174,996.45,needs Shipping,,,,,,
Roddy Speechley,India,Smooth Sliky Salty,10-Aug-22,"$5,103 ",140,255.15,needs Shipping,,,,,,
Jan Morforth,India,Eclairs,5-Jan-22,"$2,541 ",27,127.05,Delay Shipping,,,,,,
Ches Bonnell,UK,Smooth Sliky Salty,11-Jul-22,"$5,663 ",110,283.15,needs Shipping,,,,,,
Wilone O'Kielt,USA,After Nines,25-Apr-22,$392 ,30,31.36,Delay Shipping,,,,,,
Gigi Bohling,New Zealand,Fruit & Nut Bars,4-Apr-22,"$10,976 ",121,548.8,needs Shipping,,,,,,
Barr Faughny,USA,Raspberry Choco,12-Apr-22,"$9,282 ",101,742.56,needs Shipping,,,,,,
Wilone O'Kielt,New Zealand,85% Dark Bars,2-Aug-22,"$1,827 ",117,91.35,needs Shipping,,,,,,
Gigi Bohling,New Zealand,Manuka Honey Choco,28-Jun-22,"$8,267 ",272,413.35,needs Shipping,,,,,,
Ches Bonnell,Australia,Eclairs,5-Jul-22,"$4,116 ",128,205.8,needs Shipping,,,,,,
Rafaelita Blaksland,New Zealand,Choco Coated Almonds,7-Jun-22,"$2,093 ",45,104.65,Delay Shipping,,,,,,
Brien Boise,New Zealand,Smooth Sliky Salty,18-Jan-22,"$1,015 ",27,50.75,Delay Shipping,,,,,,
Brien Boise,Australia,Baker's Choco Chips,4-Jan-22,"$12,516 ",212,625.8,needs Shipping,,,,,,
Dennison Crosswaite,Australia,99% Dark & Pure,31-Jan-22,"$2,758 ",18,137.9,Delay Shipping,,,,,,
Kelci Walkden,India,Almond Choco,14-Mar-22,"$3,297 ",149,164.85,needs Shipping,,,,,,
Camilla Castle,Australia,70% Dark Bites,29-Apr-22,"$6,048 ",477,302.4,needs Shipping,,,,,,
Oby Sorrel,India,Smooth Sliky Salty,7-Feb-22,"$10,101 ",108,505.05,needs Shipping,,,,,,
Kaine Padly,UK,Organic Choco Syrup,31-Mar-22,"$2,282 ",178,114.1,needs Shipping,,,,,,
Marney O'Breen,India,Caramel Stuffed Bars,16-Mar-22,"$4,361 ",81,218.05,needs Shipping,,,,,,
Karlen McCaffrey,UK,Eclairs,25-Jan-22,"$7,798 ",196,389.9,needs Shipping,,,,,,
Van Tuxwell,India,Baker's Choco Chips,20-Jun-22,"$3,052 ",447,152.6,needs Shipping,,,,,,
Gigi Bohling,UK,After Nines,29-Mar-22,"$8,029 ",175,401.45,needs Shipping,,,,,,
Curtice Advani,Australia,Orange Choco,12-Jul-22,$854 ,136,42.7,needs Shipping,,,,,,
Jehu Rudeforth,Canada,Smooth Sliky Salty,11-Jul-22,"$5,460 ",138,273,needs Shipping,,,,,,
Karlen McCaffrey,Canada,Smooth Sliky Salty,19-Jan-22,"$3,017 ",184,150.85,needs Shipping,,,,,,
Andria Kimpton,USA,85% Dark Bars,5-Apr-22,"$8,911 ",82,712.88,needs Shipping,,,,,,
Jehu Rudeforth,Canada,Milk Bars,21-Feb-22,"$7,203 ",12,360.15,Delay Shipping,,,,,,
Rafaelita Blaksland,New Zealand,Caramel Stuffed Bars,20-May-22,"$13,083 ",14,654.15,Delay Shipping,,,,,,
Mallorie Waber,Australia,Milk Bars,29-Jul-22,"$2,779 ",104,138.95,needs Shipping,,,,,,
Barr Faughny,USA,Fruit & Nut Bars,28-Jan-22,"$9,058 ",46,724.64,Delay Shipping,,,,,,
Marney O'Breen,UK,Caramel Stuffed Bars,19-Jul-22,"$3,549 ",112,177.45,needs Shipping,,,,,,
Mallorie Waber,New Zealand,Manuka Honey Choco,13-Apr-22,"$9,436 ",11,471.8,Delay Shipping,,,,,,
Roddy Speechley,India,Peanut Butter Cubes,11-Feb-22,"$10,283 ",21,514.15,Delay Shipping,,,,,,
Roddy Speechley,New Zealand,Milk Bars,2-Mar-22,"$5,446 ",116,272.3,needs Shipping,,,,,,
Ches Bonnell,Australia,White Choc,2-Mar-22,"$1,043 ",202,52.15,needs Shipping,,,,,,
Van Tuxwell,USA,99% Dark & Pure,28-Jul-22,"$12,586 ",6,1006.88,Delay Shipping,,,,,,
Kelci Walkden,India,After Nines,7-Jan-22,"$1,687 ",520,84.35,needs Shipping,,,,,,
Brien Boise,UK,White Choc,12-Apr-22,"$5,299 ",167,264.95,needs Shipping,,,,,,
Van Tuxwell,Canada,Almond Choco,27-Jun-22,"$3,213 ",72,160.65,needs Shipping,,,,,,
Jehu Rudeforth,Australia,50% Dark Bites,14-Jan-22,"$5,194 ",418,259.7,needs Shipping,,,,,,
Karlen McCaffrey,UK,Baker's Choco Chips,7-Feb-22,"$4,753 ",389,237.65,needs Shipping,,,,,,
Jehu Rudeforth,Australia,Orange Choco,23-Mar-22,"$13,706 ",26,685.3,Delay Shipping,,,,,,
Marney O'Breen,India,Peanut Butter Cubes,10-Jan-22,"$6,489 ",146,324.45,needs Shipping,,,,,,
Oby Sorrel,UK,Choco Coated Almonds,17-Mar-22,"$9,324 ",41,466.2,Delay Shipping,,,,,,
Gigi Bohling,USA,Spicy Special Slims,21-Jan-22,"$10,829 ",54,866.32,needs Shipping,,,,,,
Barr Faughny,Australia,White Choc,4-Jul-22,"$8,113 ",370,405.65,needs Shipping,,,,,,
Kaine Padly,Canada,Peanut Butter Cubes,4-Jul-22,"$3,269 ",176,163.45,needs Shipping,,,,,,
Dotty Strutley,USA,Manuka Honey Choco,10-Aug-22,$273 ,210,21.84,needs Shipping,,,,,,
Dennison Crosswaite,Australia,50% Dark Bites,1-Apr-22,"$7,287 ",12,364.35,Delay Shipping,,,,,,
Gigi Bohling,India,Raspberry Choco,22-Feb-22,"$2,583 ",159,129.15,needs Shipping,,,,,,
Camilla Castle,UK,White Choc,3-Jan-22,"$9,982 ",187,499.1,needs Shipping,,,,,,
Karlen McCaffrey,India,Drinking Coco,31-May-22,"$4,795 ",233,239.75,needs Shipping,,,,,,
Dotty Strutley,UK,99% Dark & Pure,3-Jan-22,"$9,310 ",282,465.5,needs Shipping,,,,,,
Husein Augar,New Zealand,Caramel Stuffed Bars,27-Jan-22,$497 ,475,24.85,needs Shipping,,,,,,
Barr Faughny,UK,50% Dark Bites,28-Jan-22,$581 ,65,29.05,needs Shipping,,,,,,
Curtice Advani,Australia,Organic Choco Syrup,28-Jun-22,"$3,472 ",311,173.6,needs Shipping,,,,,,
Husein Augar,UK,Choco Coated Almonds,2-Mar-22,"$4,333 ",43,216.65,Delay Shipping,,,,,,
Wilone O'Kielt,Australia,After Nines,27-May-22,"$3,325 ",26,166.25,Delay Shipping,,,,,,
Dennison Crosswaite,USA,Almond Choco,30-Jun-22,"$11,718 ",84,937.44,needs Shipping,,,,,,
Barr Faughny,Canada,Peanut Butter Cubes,7-Jun-22,"$2,100 ",78,105,needs Shipping,,,,,,
Kaine Padly,USA,70% Dark Bites,12-May-22,"$4,018 ",100,321.44,needs Shipping,,,,,,
Barr Faughny,New Zealand,Raspberry Choco,29-Jul-22,"$6,468 ",66,323.4,needs Shipping,,,,,,
Dennison Crosswaite,UK,White Choc,3-Aug-22,"$7,238 ",265,361.9,needs Shipping,,,,,,
Barr Faughny,India,Baker's Choco Chips,18-Aug-22,"$6,454 ",141,322.7,needs Shipping,,,,,,
Van Tuxwell,New Zealand,Smooth Sliky Salty,14-Jun-22,"$3,115 ",42,155.75,Delay Shipping,,,,,,
Beverie Moffet,UK,White Choc,30-Jun-22,"$6,475 ",76,323.75,needs Shipping,,,,,,
Camilla Castle,New Zealand,Mint Chip Choco,13-Jun-22,"$1,162 ",190,58.1,needs Shipping,,,,,,
Ches Bonnell,UK,Orange Choco,27-Apr-22,"$14,238 ",54,711.9,needs Shipping,,,,,,
Jan Morforth,Australia,White Choc,27-Jul-22,"$3,472 ",32,173.6,Delay Shipping,,,,,,
Mallorie Waber,Canada,85% Dark Bars,20-Apr-22,"$1,428 ",424,71.4,needs Shipping,,,,,,
Rafaelita Blaksland,India,Spicy Special Slims,4-Jan-22,"$8,064 ",134,403.2,needs Shipping,,,,,,
Ches Bonnell,Australia,Mint Chip Choco,21-Feb-22,"$9,660 ",92,483,needs Shipping,,,,,,
Karlen McCaffrey,Australia,White Choc,5-Jan-22,"$7,357 ",48,367.85,Delay Shipping,,,,,,
Beverie Moffet,India,Drinking Coco,15-Jul-22,"$6,055 ",46,302.75,Delay Shipping,,,,,,
Brien Boise,Australia,Choco Coated Almonds,25-May-22,"$5,124 ",62,256.2,needs Shipping,,,,,,
Karlen McCaffrey,Canada,Eclairs,20-Apr-22,"$3,479 ",358,173.95,needs Shipping,,,,,,
Gigi Bohling,USA,99% Dark & Pure,2-Jun-22,$784 ,249,62.72,needs Shipping,,,,,,
Marney O'Breen,UK,Smooth Sliky Salty,13-May-22,"$18,991 ",88,949.55,needs Shipping,,,,,,
Beverie Moffet,New Zealand,Baker's Choco Chips,3-Aug-22,"$1,372 ",144,68.6,needs Shipping,,,,,,
Beverie Moffet,Australia,Milk Bars,25-May-22,$735 ,390,36.75,needs Shipping,,,,,,
Van Tuxwell,UK,Raspberry Choco,16-Mar-22,"$6,538 ",79,326.9,needs Shipping,,,,,,
Jan Morforth,Australia,Orange Choco,4-Jul-22,"$3,199 ",122,159.95,needs Shipping,,,,,,
Jehu Rudeforth,India,50% Dark Bites,5-Jul-22,"$3,472 ",135,173.6,needs Shipping,,,,,,
Madelene Upcott,USA,After Nines,15-Mar-22,"$4,571 ",430,365.68,needs Shipping,,,,,,
Barr Faughny,UK,Raspberry Choco,22-Aug-22,"$5,481 ",69,274.05,needs Shipping,,,,,,
Ches Bonnell,Australia,70% Dark Bites,12-Jan-22,"$3,136 ",125,156.8,needs Shipping,,,,,,
Marney O'Breen,UK,Baker's Choco Chips,10-Jun-22,$252 ,154,12.6,needs Shipping,,,,,,
Kaine Padly,Australia,Peanut Butter Cubes,25-Mar-22,"$5,460 ",286,273,needs Shipping,,,,,,
Rafaelita Blaksland,India,Almond Choco,27-Jul-22,"$3,395 ",99,169.75,needs Shipping,,,,,,
Husein Augar,UK,Caramel Stuffed Bars,15-Apr-22,"$14,938 ",433,746.9,needs Shipping,,,,,,
Roddy Speechley,India,Orange Choco,27-Jun-22,"$4,053 ",19,202.65,Delay Shipping,,,,,,
Jehu Rudeforth,UK,70% Dark Bites,14-Apr-22,"$5,565 ",258,278.25,needs Shipping,,,,,,
Husein Augar,Australia,Manuka Honey Choco,15-Mar-22,"$7,161 ",92,358.05,needs Shipping,,,,,,
Madelene Upcott,USA,Eclairs,18-Mar-22,"$8,883 ",200,710.64,needs Shipping,,,,,,
Brien Boise,India,Eclairs,29-Apr-22,"$1,351 ",61,67.55,needs Shipping,,,,,,
Mallorie Waber,New Zealand,White Choc,25-Feb-22,"$3,171 ",246,158.55,needs Shipping,,,,,,
Husein Augar,USA,Milk Bars,2-Mar-22,$854 ,56,68.32,needs Shipping,,,,,,
Van Tuxwell,Australia,Milk Bars,20-Jun-22,"$7,910 ",87,395.5,needs Shipping,,,,,,
Beverie Moffet,Canada,White Choc,15-Jul-22,"$9,275 ",173,463.75,needs Shipping,,,,,,
Dotty Strutley,Australia,50% Dark Bites,12-May-22,"$3,108 ",252,155.4,needs Shipping,,,,,,
Mallorie Waber,New Zealand,Organic Choco Syrup,1-Jul-22,"$5,075 ",256,253.75,needs Shipping,,,,,,
Husein Augar,USA,85% Dark Bars,8-Aug-22,$378 ,54,30.24,needs Shipping,,,,,,
Madelene Upcott,Australia,50% Dark Bites,25-Jul-22,"$7,350 ",6,367.5,Delay Shipping,,,,,,
Wilone O'Kielt,UK,Drinking Coco,18-May-22,"$3,388 ",55,169.4,needs Shipping,,,,,,
Camilla Castle,India,Peanut Butter Cubes,15-Jul-22,"$11,837 ",277,591.85,needs Shipping,,,,,,
Curtice Advani,India,70% Dark Bites,5-Jul-22,"$2,282 ",44,114.1,Delay Shipping,,,,,,
Mallorie Waber,USA,Manuka Honey Choco,4-Jul-22,"$5,425 ",96,434,needs Shipping,,,,,,
Dotty Strutley,UK,70% Dark Bites,20-Jun-22,"$1,267 ",216,63.35,needs Shipping,,,,,,
Gunar Cockshoot,Australia,Almond Choco,25-Jan-22,"$3,752 ",424,187.6,needs Shipping,,,,,,
Kaine Padly,New Zealand,Spicy Special Slims,1-Jul-22,"$7,728 ",37,386.4,Delay Shipping,,,,,,
Gigi Bohling,USA,50% Dark Bites,13-Apr-22,"$2,296 ",59,183.68,needs Shipping,,,,,,
Beverie Moffet,UK,Smooth Sliky Salty,4-May-22,"$4,403 ",76,220.15,needs Shipping,,,,,,
Beverie Moffet,Australia,Baker's Choco Chips,4-Aug-22,"$3,192 ",109,159.6,needs Shipping,,,,,,
Beverie Moffet,India,70% Dark Bites,1-Jun-22,$448 ,146,22.4,needs Shipping,,,,,,
Jehu Rudeforth,UK,Choco Coated Almonds,22-Apr-22,"$4,270 ",185,213.5,needs Shipping,,,,,,
Kaine Padly,USA,50% Dark Bites,3-Aug-22,$70 ,27,5.6,Delay Shipping,,,,,,
Ches Bonnell,USA,Orange Choco,10-Jun-22,"$1,743 ",69,139.44,needs Shipping,,,,,,
Gunar Cockshoot,UK,Manuka Honey Choco,27-Jun-22,"$6,762 ",46,338.1,Delay Shipping,,,,,,
Marney O'Breen,Australia,Smooth Sliky Salty,3-Jan-22,"$3,745 ",170,187.25,needs Shipping,,,,,,
Marney O'Breen,India,After Nines,11-Jul-22,"$2,639 ",179,131.95,needs Shipping,,,,,,
Ches Bonnell,New Zealand,Milk Bars,17-Aug-22,"$4,389 ",126,219.45,needs Shipping,,,,,,
Rafaelita Blaksland,USA,Fruit & Nut Bars,18-Jan-22,"$2,604 ",65,208.32,needs Shipping,,,,,,
Ches Bonnell,India,Organic Choco Syrup,8-Mar-22,"$16,569 ",99,828.45,needs Shipping,,,,,,
Mallorie Waber,Australia,Orange Choco,7-Mar-22,"$14,658 ",275,732.9,needs Shipping,,,,,,
Husein Augar,India,70% Dark Bites,9-May-22,"$6,454 ",157,322.7,needs Shipping,,,,,,
Barr Faughny,New Zealand,85% Dark Bars,23-May-22,"$2,100 ",157,105,needs Shipping,,,,,,
Madelene Upcott,UK,Caramel Stuffed Bars,15-Apr-22,$161 ,145,8.05,needs Shipping,,,,,,
Gigi Bohling,Australia,Drinking Coco,27-Jul-22,"$2,807 ",139,140.35,needs Shipping,,,,,,
Marney O'Breen,Canada,Choco Coated Almonds,22-Aug-22,"$2,639 ",406,131.95,needs Shipping,,,,,,
Ches Bonnell,USA,70% Dark Bites,11-May-22,"$4,571 ",122,365.68,needs Shipping,,,,,,
Madelene Upcott,India,Organic Choco Syrup,26-Jan-22,"$4,781 ",38,239.05,Delay Shipping,,,,,,
Barr Faughny,USA,50% Dark Bites,14-Apr-22,"$13,034 ",117,1042.72,needs Shipping,,,,,,
Dennison Crosswaite,New Zealand,Mint Chip Choco,5-Apr-22,"$6,454 ",417,322.7,needs Shipping,,,,,,
Marney O'Breen,New Zealand,Smooth Sliky Salty,14-Jun-22,"$8,484 ",57,424.2,needs Shipping,,,,,,
Brien Boise,Canada,Almond Choco,13-Apr-22,"$4,781 ",125,239.05,needs Shipping,,,,,,
Beverie Moffet,Australia,White Choc,27-Jun-22,"$2,240 ",166,112,needs Shipping,,,,,,
Dotty Strutley,Australia,Eclairs,26-Jan-22,"$6,979 ",3,348.95,Delay Shipping,,,,,,
Barr Faughny,UK,White Choc,5-Jul-22,"$1,652 ",72,82.6,needs Shipping,,,,,,
Beverie Moffet,Canada,Baker's Choco Chips,11-Jan-22,"$13,447 ",95,672.35,needs Shipping,,,,,,
Kelci Walkden,USA,White Choc,7-Mar-22,"$9,422 ",22,753.76,Delay Shipping,,,,,,
Kaine Padly,Canada,50% Dark Bites,4-Mar-22,"$8,687 ",100,434.35,needs Shipping,,,,,,
Karlen McCaffrey,Canada,Organic Choco Syrup,15-Jul-22,"$2,415 ",312,120.75,needs Shipping,,,,,,
Kaine Padly,UK,Peanut Butter Cubes,11-May-22,"$6,272 ",86,313.6,needs Shipping,,,,,,
Karlen McCaffrey,USA,Milk Bars,27-Jan-22,"$4,389 ",7,351.12,Delay Shipping,,,,,,
Karlen McCaffrey,India,Orange Choco,27-Jun-22,"$3,122 ",149,156.1,needs Shipping,,,,,,
Ches Bonnell,India,Smooth Sliky Salty,3-Aug-22,"$8,043 ",18,402.15,Delay Shipping,,,,,,
Wilone O'Kielt,New Zealand,Mint Chip Choco,19-Aug-22,"$11,662 ",242,583.1,needs Shipping,,,,,,
Wilone O'Kielt,Australia,Fruit & Nut Bars,15-Jun-22,$392 ,102,19.6,needs Shipping,,,,,,
Dennison Crosswaite,UK,Peanut Butter Cubes,7-Feb-22,"$8,925 ",158,446.25,needs Shipping,,,,,,
Karlen McCaffrey,Australia,Almond Choco,8-Jul-22,"$7,294 ",128,364.7,needs Shipping,,,,,,
Dennison Crosswaite,India,Milk Bars,21-Apr-22,"$1,526 ",96,76.3,needs Shipping,,,,,,
Ches Bonnell,UK,Mint Chip Choco,8-Apr-22,"$2,688 ",209,134.4,needs Shipping,,,,,,
Husein Augar,Australia,50% Dark Bites,19-Aug-22,"$14,889 ",52,744.45,needs Shipping,,,,,,
Jan Morforth,India,Fruit & Nut Bars,4-May-22,"$2,912 ",55,145.6,needs Shipping,,,,,,
Mallorie Waber,USA,85% Dark Bars,11-May-22,"$2,632 ",108,210.56,needs Shipping,,,,,,
Mallorie Waber,USA,Eclairs,22-Mar-22,"$6,328 ",51,506.24,needs Shipping,,,,,,
Dennison Crosswaite,Canada,Spicy Special Slims,10-Aug-22,"$2,527 ",216,126.35,needs Shipping,,,,,,
Dennison Crosswaite,USA,Fruit & Nut Bars,4-May-22,"$1,414 ",318,113.12,needs Shipping,,,,,,
Kelci Walkden,USA,99% Dark & Pure,18-Aug-22,"$7,714 ",238,617.12,needs Shipping,,,,,,
Dotty Strutley,Canada,Raspberry Choco,3-Aug-22,"$4,347 ",238,217.35,needs Shipping,,,,,,
Marney O'Breen,New Zealand,Milk Bars,14-Jan-22,"$7,490 ",315,374.5,needs Shipping,,,,,,
Madelene Upcott,Australia,Choco Coated Almonds,8-Apr-22,"$2,058 ",72,102.9,needs Shipping,,,,,,
Kelci Walkden,UK,Orange Choco,1-Aug-22,"$3,640 ",3,182,Delay Shipping,,,,,,
Dennison Crosswaite,Canada,Eclairs,15-Mar-22,$455 ,45,22.75,Delay Shipping,,,,,,
Karlen McCaffrey,India,Mint Chip Choco,15-Jul-22,"$10,990 ",184,549.5,needs Shipping,,,,,,
Barr Faughny,New Zealand,Almond Choco,13-Jan-22,"$5,558 ",127,277.9,needs Shipping,,,,,,
Mallorie Waber,Australia,85% Dark Bars,26-Aug-22,"$2,541 ",53,127.05,needs Shipping,,,,,,
Ches Bonnell,Canada,Eclairs,10-Jan-22,"$1,876 ",172,93.8,needs Shipping,,,,,,
Gigi Bohling,Australia,White Choc,11-May-22,"$5,523 ",87,276.15,needs Shipping,,,,,,
Beverie Moffet,New Zealand,85% Dark Bars,30-Aug-22,"$11,200 ",22,560,Delay Shipping,,,,,,
Kaine Padly,USA,Caramel Stuffed Bars,21-Jul-22,"$5,593 ",122,447.44,needs Shipping,,,,,,
Mallorie Waber,Australia,Almond Choco,1-Aug-22,"$7,882 ",125,394.1,needs Shipping,,,,,,
Brien Boise,Canada,85% Dark Bars,17-Feb-22,"$10,241 ",259,512.05,needs Shipping,,,,,,
Brien Boise,Australia,Drinking Coco,27-Jul-22,"$6,832 ",156,341.6,needs Shipping,,,,,,
Dotty Strutley,USA,Orange Choco,23-Feb-22,"$1,379 ",107,110.32,needs Shipping,,,,,,
Rafaelita Blaksland,Australia,50% Dark Bites,22-Mar-22,"$3,010 ",40,150.5,Delay Shipping,,,,,,
Dennison Crosswaite,India,99% Dark & Pure,23-Jun-22,"$6,888 ",311,344.4,needs Shipping,,,,,,
Curtice Advani,UK,White Choc,1-Feb-22,"$1,540 ",73,77,needs Shipping,,,,,,
Kelci Walkden,Australia,After Nines,2-Mar-22,"$6,916 ",288,345.8,needs Shipping,,,,,,
Gigi Bohling,UK,Fruit & Nut Bars,6-Apr-22,"$1,232 ",86,61.6,needs Shipping,,,,,,
Gunar Cockshoot,Australia,Raspberry Choco,17-Mar-22,$602 ,72,30.1,needs Shipping,,,,,,
Curtice Advani,UK,Fruit & Nut Bars,24-Jun-22,"$10,927 ",136,546.35,needs Shipping,,,,,,
Barr Faughny,Canada,50% Dark Bites,19-Jul-22,"$10,185 ",303,509.25,needs Shipping,,,,,,
Curtice Advani,USA,Spicy Special Slims,11-Jul-22,"$1,603 ",264,128.24,needs Shipping,,,,,,
Brien Boise,India,Almond Choco,13-Jan-22,"$2,170 ",218,108.5,needs Shipping,,,,,,
Oby Sorrel,New Zealand,Smooth Sliky Salty,7-Jul-22,"$8,673 ",60,433.65,needs Shipping,,,,,,
Jan Morforth,India,85% Dark Bars,25-May-22,"$4,760 ",418,238,needs Shipping,,,,,,
Marney O'Breen,India,Fruit & Nut Bars,13-Apr-22,"$4,753 ",151,237.65,needs Shipping,,,,,,
Andria Kimpton,New Zealand,50% Dark Bites,2-Mar-22,"$3,374 ",202,168.7,needs Shipping,,,,,,
Gunar Cockshoot,Canada,Raspberry Choco,23-Jun-22,"$2,058 ",126,102.9,needs Shipping,,,,,,
Kelci Walkden,USA,Drinking Coco,26-Jul-22,"$6,454 ",160,516.32,needs Shipping,,,,,,
Van Tuxwell,Canada,White Choc,22-Mar-22,$420 ,3,21,Delay Shipping,,,,,,
Rafaelita Blaksland,USA,Baker's Choco Chips,9-Jun-22,"$2,863 ",58,229.04,needs Shipping,,,,,,
Van Tuxwell,Australia,Caramel Stuffed Bars,17-May-22,"$5,936 ",59,296.8,needs Shipping,,,,,,
Ches Bonnell,New Zealand,Peanut Butter Cubes,4-Mar-22,$889 ,273,44.45,needs Shipping,,,,,,
Kelci Walkden,Canada,Milk Bars,7-Jul-22,"$16,016 ",28,800.8,Delay Shipping,,,,,,
Dennison Crosswaite,Canada,Choco Coated Almonds,13-Jan-22,"$10,479 ",118,523.95,needs Shipping,,,,,,
Curtice Advani,Australia,Almond Choco,13-Jul-22,"$2,912 ",75,145.6,needs Shipping,,,,,,
Madelene Upcott,Australia,85% Dark Bars,16-Jun-22,"$1,575 ",329,78.75,needs Shipping,,,,,,
Gigi Bohling,UK,50% Dark Bites,18-Jul-22,"$8,197 ",69,409.85,needs Shipping,,,,,,
Ches Bonnell,UK,Manuka Honey Choco,30-May-22,"$4,221 ",395,211.05,needs Shipping,,,,,,
Gigi Bohling,UK,70% Dark Bites,21-Jun-22,$840 ,81,42,needs Shipping,,,,,,
Jehu Rudeforth,Australia,Peanut Butter Cubes,24-Jun-22,"$5,691 ",38,284.55,Delay Shipping,,,,,,
Marney O'Breen,India,Eclairs,13-Jan-22,"$3,472 ",96,173.6,needs Shipping,,,,,,
Curtice Advani,Canada,Fruit & Nut Bars,4-Apr-22,"$4,193 ",195,209.65,needs Shipping,,,,,,
Kaine Padly,UK,Smooth Sliky Salty,8-Jun-22,"$9,016 ",554,450.8,needs Shipping,,,,,,
Karlen McCaffrey,Canada,Spicy Special Slims,2-Aug-22,"$6,328 ",47,316.4,Delay Shipping,,,,,,
Kelci Walkden,USA,Organic Choco Syrup,21-Jul-22,"$9,870 ",152,789.6,needs Shipping,,,,,,
Curtice Advani,India,Spicy Special Slims,20-Jun-22,$161 ,134,8.05,needs Shipping,,,,,,
Roddy Speechley,India,After Nines,22-Jun-22,"$2,576 ",112,128.8,needs Shipping,,,,,,
Camilla Castle,Australia,Caramel Stuffed Bars,2-May-22,"$3,178 ",16,158.9,Delay Shipping,,,,,,
Curtice Advani,Australia,99% Dark & Pure,7-Jan-22,"$4,676 ",84,233.8,needs Shipping,,,,,,
Mallorie Waber,UK,50% Dark Bites,21-Feb-22,"$5,502 ",99,275.1,needs Shipping,,,,,,
Ches Bonnell,Canada,Baker's Choco Chips,21-Mar-22,"$7,462 ",371,373.1,needs Shipping,,,,,,
Van Tuxwell,UK,Drinking Coco,4-Apr-22,"$5,803 ",136,290.15,needs Shipping,,,,,,
Gunar Cockshoot,Canada,Fruit & Nut Bars,24-Mar-22,"$13,888 ",203,694.4,needs Shipping,,,,,,
Gunar Cockshoot,New Zealand,Spicy Special Slims,28-Jun-22,"$6,867 ",183,343.35,needs Shipping,,,,,,
Gunar Cockshoot,Australia,Drinking Coco,14-Jan-22,"$2,317 ",195,115.85,needs Shipping,,,,,,
Karlen McCaffrey,New Zealand,Fruit & Nut Bars,7-Feb-22,"$1,218 ",135,60.9,needs Shipping,,,,,,
Dennison Crosswaite,New Zealand,Drinking Coco,11-Jan-22,"$4,109 ",197,205.45,needs Shipping,,,,,,
Jehu Rudeforth,India,99% Dark & Pure,25-Feb-22,"$1,953 ",242,97.65,needs Shipping,,,,,,
Dotty Strutley,Australia,Mint Chip Choco,1-Aug-22,"$6,790 ",25,339.5,Delay Shipping,,,,,,
Roddy Speechley,Australia,Mint Chip Choco,5-May-22,"$6,797 ",252,339.85,needs Shipping,,,,,,
Madelene Upcott,New Zealand,Raspberry Choco,18-May-22,"$9,226 ",415,461.3,needs Shipping,,,,,,
Dotty Strutley,New Zealand,Choco Coated Almonds,4-Jan-22,"$5,733 ",348,286.65,needs Shipping,,,,,,
Roddy Speechley,New Zealand,50% Dark Bites,9-May-22,"$4,312 ",211,215.6,needs Shipping,,,,,,
Rafaelita Blaksland,India,Smooth Sliky Salty,6-May-22,"$1,638 ",81,81.9,needs Shipping,,,,,,
Husein Augar,UK,White Choc,13-Jan-22,"$10,815 ",145,540.75,needs Shipping,,,,,,
Roddy Speechley,Australia,Almond Choco,24-Jun-22,"$4,466 ",74,223.3,needs Shipping,,,,,,
Van Tuxwell,USA,Caramel Stuffed Bars,14-Feb-22,$987 ,21,78.96,Delay Shipping,,,,,,
Camilla Castle,Australia,99% Dark & Pure,18-Jan-22,"$4,669 ",101,233.45,needs Shipping,,,,,,
Kaine Padly,India,Milk Bars,2-May-22,"$2,905 ",91,145.25,needs Shipping,,,,,,
Ches Bonnell,Australia,Smooth Sliky Salty,16-May-22,"$7,490 ",54,374.5,needs Shipping,,,,,,
Mallorie Waber,USA,Almond Choco,28-Jan-22,"$6,986 ",368,558.88,needs Shipping,,,,,,
Kaine Padly,Canada,99% Dark & Pure,24-Jun-22,"$1,288 ",409,64.4,needs Shipping,,,,,,
Oby Sorrel,UK,After Nines,18-Jul-22,"$2,345 ",104,117.25,needs Shipping,,,,,,
Gunar Cockshoot,UK,Eclairs,13-Apr-22,"$3,619 ",164,180.95,needs Shipping,,,,,,
Dotty Strutley,USA,Caramel Stuffed Bars,15-Apr-22,"$16,982 ",76,1358.56,needs Shipping,,,,,,
Jan Morforth,India,Peanut Butter Cubes,4-Jan-22,"$8,092 ",178,404.6,needs Shipping,,,,,,
Husein Augar,Australia,Eclairs,4-Jul-22,"$6,993 ",31,349.65,Delay Shipping,,,,,,
Beverie Moffet,USA,Smooth Sliky Salty,24-Mar-22,"$2,317 ",352,185.36,needs Shipping,,,,,,
Camilla Castle,Australia,Manuka Honey Choco,17-Mar-22,$637 ,169,31.85,needs Shipping,,,,,,
Oby Sorrel,Australia,Almond Choco,15-Feb-22,"$6,034 ",223,301.7,needs Shipping,,,,,,
Jan Morforth,USA,Orange Choco,29-Jun-22,$980 ,146,78.4,needs Shipping,,,,,,
Gigi Bohling,USA,Fruit & Nut Bars,24-May-22,"$2,821 ",112,225.68,needs Shipping,,,,,,
Mallorie Waber,UK,Milk Bars,10-Jan-22,"$3,563 ",284,178.15,needs Shipping,,,,,,
Curtice Advani,USA,Raspberry Choco,15-Mar-22,"$2,996 ",139,239.68,needs Shipping,,,,,,
Marney O'Breen,Canada,Milk Bars,8-Feb-22,"$2,436 ",309,121.8,needs Shipping,,,,,,
Brien Boise,India,Caramel Stuffed Bars,25-Feb-22,"$1,540 ",100,77,needs Shipping,,,,,,
Gunar Cockshoot,USA,Eclairs,3-May-22,"$6,916 ",42,553.28,Delay Shipping,,,,,,
Roddy Speechley,USA,Fruit & Nut Bars,14-Jun-22,"$5,509 ",24,440.72,Delay Shipping,,,,,,
Gunar Cockshoot,India,50% Dark Bites,9-Aug-22,"$12,992 ",83,649.6,needs Shipping,,,,,,
Wilone O'Kielt,New Zealand,Manuka Honey Choco,11-Jul-22,"$3,724 ",234,186.2,needs Shipping,,,,,,
Kaine Padly,UK,Manuka Honey Choco,14-Jan-22,"$7,133 ",118,356.65,needs Shipping,,,,,,
Van Tuxwell,Canada,Manuka Honey Choco,24-Feb-22,"$8,617 ",46,430.85,Delay Shipping,,,,,,
Wilone O'Kielt,New Zealand,Almond Choco,15-Mar-22,"$9,198 ",144,459.9,needs Shipping,,,,,,
Oby Sorrel,New Zealand,Baker's Choco Chips,25-Apr-22,"$11,823 ",47,591.15,Delay Shipping,,,,,,
Dennison Crosswaite,Australia,Organic Choco Syrup,10-May-22,"$5,775 ",41,288.75,Delay Shipping,,,,,,
Marney O'Breen,Australia,Spicy Special Slims,23-Jun-22,"$13,125 ",275,656.25,needs Shipping,,,,,,
Beverie Moffet,Canada,Smooth Sliky Salty,28-Feb-22,"$14,287 ",370,714.35,needs Shipping,,,,,,
Brien Boise,USA,Organic Choco Syrup,25-May-22,"$16,233 ",138,1298.64,needs Shipping,,,,,,
Roddy Speechley,New Zealand,Baker's Choco Chips,22-Feb-22,"$5,313 ",215,265.65,needs Shipping,,,,,,
Van Tuxwell,UK,85% Dark Bars,11-Jul-22,"$3,577 ",134,178.85,needs Shipping,,,,,,
Marney O'Breen,Canada,Spicy Special Slims,3-Jan-22,"$3,528 ",336,176.4,needs Shipping,,,,,,
Rafaelita Blaksland,New Zealand,70% Dark Bites,24-Aug-22,$679 ,280,33.95,needs Shipping,,,,,,
Beverie Moffet,USA,50% Dark Bites,28-Jul-22,"$2,450 ",352,196,needs Shipping,,,,,,
Brien Boise,USA,Mint Chip Choco,25-May-22,"$10,577 ",150,846.16,needs Shipping,,,,,,
Karlen McCaffrey,New Zealand,Eclairs,6-May-22,"$2,597 ",177,129.85,needs Shipping,,,,,,
Barr Faughny,India,Drinking Coco,28-Jan-22,"$2,219 ",142,110.95,needs Shipping,,,,,,
Marney O'Breen,UK,Orange Choco,6-Jun-22,"$11,319 ",12,565.95,Delay Shipping,,,,,,
Brien Boise,New Zealand,Baker's Choco Chips,12-Jul-22,"$5,978 ",24,298.9,Delay Shipping,,,,,,
Ches Bonnell,Canada,Spicy Special Slims,5-Aug-22,"$5,327 ",183,266.35,needs Shipping,,,,,,
Brien Boise,USA,Orange Choco,28-Jan-22,"$6,020 ",147,481.6,needs Shipping,,,,,,
Kaine Padly,India,Spicy Special Slims,31-Aug-22,"$5,614 ",137,280.7,needs Shipping,,,,,,
Mallorie Waber,USA,50% Dark Bites,19-Apr-22,"$1,736 ",13,138.88,Delay Shipping,,,,,,
Mallorie Waber,UK,Mint Chip Choco,29-Jun-22,"$6,384 ",2,319.2,Delay Shipping,,,,,,
Beverie Moffet,India,Choco Coated Almonds,24-Feb-22,"$3,577 ",261,178.85,needs Shipping,,,,,,
Madelene Upcott,UK,Smooth Sliky Salty,4-Mar-22,"$14,539 ",84,726.95,needs Shipping,,,,,,
Gigi Bohling,India,Eclairs,21-Jun-22,"$3,493 ",68,174.65,needs Shipping,,,,,,
Rafaelita Blaksland,Australia,Organic Choco Syrup,26-Jan-22,$994 ,105,49.7,needs Shipping,,,,,,
Oby Sorrel,New Zealand,White Choc,10-Jun-22,"$4,361 ",40,218.05,Delay Shipping,,,,,,
Andria Kimpton,UK,Drinking Coco,23-May-22,"$1,554 ",65,77.7,needs Shipping,,,,,,
Kelci Walkden,India,Milk Bars,15-Apr-22,$966 ,107,48.3,needs Shipping,,,,,,
Karlen McCaffrey,New Zealand,Caramel Stuffed Bars,31-Jan-22,"$5,334 ",227,266.7,needs Shipping,,,,,,
Andria Kimpton,New Zealand,Organic Choco Syrup,4-Mar-22,"$4,935 ",39,246.75,Delay Shipping,,,,,,
Barr Faughny,New Zealand,After Nines,19-Apr-22,"$10,024 ",84,501.2,needs Shipping,,,,,,
Beverie Moffet,UK,Almond Choco,16-May-22,"$2,506 ",100,125.3,needs Shipping,,,,,,
Oby Sorrel,Australia,Raspberry Choco,17-Feb-22,"$1,043 ",120,52.15,needs Shipping,,,,,,
Dennison Crosswaite,USA,Raspberry Choco,18-Jan-22,"$6,524 ",257,521.92,needs Shipping,,,,,,
Roddy Speechley,Canada,Orange Choco,9-Feb-22,"$8,148 ",85,407.4,needs Shipping,,,,,,
Mallorie Waber,Canada,Orange Choco,23-Mar-22,"$3,577 ",178,178.85,needs Shipping,,,,,,
Madelene Upcott,New Zealand,Caramel Stuffed Bars,1-Feb-22,"$3,374 ",151,168.7,needs Shipping,,,,,,
Mallorie Waber,India,Drinking Coco,7-Mar-22,"$3,948 ",142,197.4,needs Shipping,,,,,,
Ches Bonnell,UK,White Choc,3-Jan-22,"$3,269 ",226,163.45,needs Shipping,,,,,,
Ches Bonnell,USA,White Choc,11-Feb-22,"$5,271 ",341,421.68,needs Shipping,,,,,,
Dennison Crosswaite,New Zealand,Orange Choco,16-Mar-22,"$4,571 ",140,228.55,needs Shipping,,,,,,
Dotty Strutley,India,White Choc,15-Aug-22,"$12,327 ",330,616.35,needs Shipping,,,,,,
Gigi Bohling,India,Manuka Honey Choco,12-May-22,"$4,935 ",73,246.75,needs Shipping,,,,,,
Van Tuxwell,India,Spicy Special Slims,11-Apr-22,"$6,167 ",4,308.35,Delay Shipping,,,,,,
Jan Morforth,New Zealand,Mint Chip Choco,30-Jun-22,"$18,340 ",285,917,needs Shipping,,,,,,
Dotty Strutley,New Zealand,White Choc,15-Jun-22,"$7,014 ",60,350.7,needs Shipping,,,,,,
Rafaelita Blaksland,Canada,Caramel Stuffed Bars,1-Aug-22,"$7,119 ",101,355.95,needs Shipping,,,,,,
Kaine Padly,USA,Milk Bars,15-Jun-22,"$15,491 ",58,1239.28,needs Shipping,,,,,,
Brien Boise,India,After Nines,16-Jun-22,"$5,747 ",45,287.35,Delay Shipping,,,,,,
Oby Sorrel,New Zealand,Raspberry Choco,13-May-22,"$4,550 ",281,227.5,needs Shipping,,,,,,
Dennison Crosswaite,USA,Drinking Coco,10-May-22,"$2,191 ",138,175.28,needs Shipping,,,,,,
Oby Sorrel,India,Eclairs,25-Aug-22,"$5,663 ",322,283.15,needs Shipping,,,,,,
Ches Bonnell,New Zealand,Organic Choco Syrup,15-Jul-22,"$7,623 ",85,381.15,needs Shipping,,,,,,
Gigi Bohling,UK,Baker's Choco Chips,16-May-22,"$9,023 ",409,451.15,needs Shipping,,,,,,
Jan Morforth,Australia,50% Dark Bites,14-Jun-22,"$3,402 ",182,170.1,needs Shipping,,,,,,
Beverie Moffet,Australia,Smooth Sliky Salty,25-Jan-22,"$10,507 ",467,525.35,needs Shipping,,,,,,
Ches Bonnell,USA,Organic Choco Syrup,28-Jul-22,"$7,721 ",14,617.68,Delay Shipping,,,,,,
Brien Boise,Canada,Mint Chip Choco,28-Jan-22,"$5,033 ",178,251.65,needs Shipping,,,,,,
Kaine Padly,UK,Orange Choco,29-Jun-22,"$1,960 ",191,98,needs Shipping,,,,,,
Karlen McCaffrey,Australia,70% Dark Bites,24-Jun-22,$238 ,317,11.9,needs Shipping,,,,,,
Gunar Cockshoot,Canada,Mint Chip Choco,1-Jul-22,"$7,756 ",410,387.8,needs Shipping,,,,,,
Roddy Speechley,USA,Peanut Butter Cubes,25-Feb-22,"$1,736 ",137,138.88,needs Shipping,,,,,,
Curtice Advani,Canada,Smooth Sliky Salty,1-Aug-22,"$2,660 ",12,133,Delay Shipping,,,,,,
Oby Sorrel,Australia,Milk Bars,21-Jun-22,"$7,672 ",254,383.6,needs Shipping,,,,,,
Camilla Castle,New Zealand,Spicy Special Slims,25-Jan-22,"$11,564 ",24,578.2,Delay Shipping,,,,,,
Gigi Bohling,UK,Milk Bars,17-May-22,"$1,365 ",232,68.25,needs Shipping,,,,,,
Andria Kimpton,Australia,85% Dark Bars,23-Aug-22,"$4,186 ",233,209.3,needs Shipping,,,,,,
Camilla Castle,Australia,Smooth Sliky Salty,3-Mar-22,"$7,406 ",118,370.3,needs Shipping,,,,,,
Roddy Speechley,India,Caramel Stuffed Bars,30-May-22,"$8,911 ",543,445.55,needs Shipping,,,,,,
Karlen McCaffrey,USA,Drinking Coco,29-Jun-22,$112 ,223,8.96,needs Shipping,,,,,,
Andria Kimpton,Canada,Organic Choco Syrup,4-Jan-22,"$8,204 ",204,410.2,needs Shipping,,,,,,
Jehu Rudeforth,Australia,Drinking Coco,14-Jan-22,"$2,611 ",65,130.55,needs Shipping,,,,,,
Karlen McCaffrey,USA,Mint Chip Choco,15-Feb-22,"$15,652 ",53,1252.16,needs Shipping,,,,,,
Curtice Advani,New Zealand,Spicy Special Slims,10-Jan-22,"$4,074 ",469,203.7,needs Shipping,,,,,,
Madelene Upcott,USA,White Choc,4-May-22,"$12,250 ",213,980,needs Shipping,,,,,,
Andria Kimpton,USA,Spicy Special Slims,23-May-22,"$2,366 ",5,189.28,Delay Shipping,,,,,,
Barr Faughny,New Zealand,Fruit & Nut Bars,26-Apr-22,"$1,687 ",147,84.35,needs Shipping,,,,,,
Oby Sorrel,Canada,Organic Choco Syrup,5-Jul-22,"$1,232 ",74,61.6,needs Shipping,,,,,,
Madelene Upcott,UK,Organic Choco Syrup,21-Jul-22,"$6,965 ",163,348.25,needs Shipping,,,,,,
Dotty Strutley,USA,Mint Chip Choco,21-Feb-22,"$5,292 ",248,423.36,needs Shipping,,,,,,
Kelci Walkden,USA,Orange Choco,3-Feb-22,"$1,379 ",138,110.32,needs Shipping,,,,,,
Gigi Bohling,Australia,Caramel Stuffed Bars,8-Jul-22,"$8,001 ",151,400.05,needs Shipping,,,,,,
Mallorie Waber,India,50% Dark Bites,31-May-22,$588 ,139,29.4,needs Shipping,,,,,,
Van Tuxwell,New Zealand,Mint Chip Choco,27-Jun-22,"$4,046 ",103,202.3,needs Shipping,,,,,,
Van Tuxwell,India,50% Dark Bites,13-May-22,"$5,103 ",129,255.15,needs Shipping,,,,,,
Van Tuxwell,USA,Manuka Honey Choco,31-May-22,"$2,317 ",102,185.36,needs Shipping,,,,,,
Wilone O'Kielt,USA,Orange Choco,28-Feb-22,"$7,042 ",37,563.36,Delay Shipping,,,,,,
Barr Faughny,New Zealand,Eclairs,28-Mar-22,"$6,713 ",31,335.65,Delay Shipping,,,,,,
Gigi Bohling,USA,After Nines,14-Jan-22,"$1,848 ",227,147.84,needs Shipping,,,,,,
Barr Faughny,New Zealand,Mint Chip Choco,21-Feb-22,"$6,440 ",145,322,needs Shipping,,,,,,
Dennison Crosswaite,Canada,85% Dark Bars,1-Aug-22,"$10,885 ",90,544.25,needs Shipping,,,,,,
Beverie Moffet,New Zealand,Smooth Sliky Salty,19-May-22,"$2,387 ",59,119.35,needs Shipping,,,,,,
Husein Augar,USA,White Choc,13-Jul-22,"$2,030 ",60,162.4,needs Shipping,,,,,,
Andria Kimpton,Australia,Peanut Butter Cubes,20-Apr-22,"$6,678 ",148,333.9,needs Shipping,,,,,,
Dennison Crosswaite,India,85% Dark Bars,30-Jun-22,"$4,515 ",22,225.75,Delay Shipping,,,,,,
Curtice Advani,UK,50% Dark Bites,8-Mar-22,"$3,374 ",142,168.7,needs Shipping,,,,,,
Gunar Cockshoot,USA,Fruit & Nut Bars,9-Mar-22,"$5,852 ",93,468.16,needs Shipping,,,,,,
Oby Sorrel,Canada,Raspberry Choco,16-Jun-22,"$1,750 ",208,87.5,needs Shipping,,,,,,
Gigi Bohling,UK,Drinking Coco,30-Jun-22,"$5,782 ",42,289.1,Delay Shipping,,,,,,
Kelci Walkden,India,Mint Chip Choco,28-Jul-22,"$2,870 ",120,143.5,needs Shipping,,,,,,
Karlen McCaffrey,Canada,Peanut Butter Cubes,12-Aug-22,"$3,094 ",159,154.7,needs Shipping,,,,,,
Barr Faughny,UK,Mint Chip Choco,7-Jul-22,"$3,724 ",316,186.2,needs Shipping,,,,,,
Barr Faughny,USA,85% Dark Bars,25-Aug-22,"$12,761 ",47,1020.88,Delay Shipping,,,,,,
Husein Augar,Canada,Eclairs,17-Jan-22,"$3,696 ",233,184.8,needs Shipping,,,,,,
Jan Morforth,Australia,70% Dark Bites,4-Mar-22,"$5,222 ",384,261.1,needs Shipping,,,,,,
Marney O'Breen,New Zealand,Fruit & Nut Bars,25-Aug-22,"$8,939 ",4,446.95,Delay Shipping,,,,,,
Ches Bonnell,UK,Peanut Butter Cubes,15-Apr-22,"$2,156 ",260,107.8,needs Shipping,,,,,,
Kaine Padly,USA,Organic Choco Syrup,11-Mar-22,"$2,380 ",22,190.4,Delay Shipping,,,,,,
Camilla Castle,USA,Raspberry Choco,20-May-22,"$3,339 ",18,267.12,Delay Shipping,,,,,,
Brien Boise,New Zealand,Manuka Honey Choco,14-Jun-22,"$14,980 ",42,749,Delay Shipping,,,,,,
Jehu Rudeforth,New Zealand,After Nines,14-Apr-22,"$1,512 ",73,75.6,needs Shipping,,,,,,
Jehu Rudeforth,USA,Smooth Sliky Salty,7-Jul-22,"$6,657 ",154,532.56,needs Shipping,,,,,,
Madelene Upcott,India,Mint Chip Choco,24-Aug-22,"$3,836 ",71,191.8,needs Shipping,,,,,,
Jehu Rudeforth,India,Eclairs,24-Feb-22,"$8,771 ",127,438.55,needs Shipping,,,,,,
Karlen McCaffrey,Canada,Raspberry Choco,9-May-22,$651 ,224,32.55,needs Shipping,,,,,,
Kaine Padly,Australia,70% Dark Bites,8-Feb-22,"$6,706 ",223,335.3,needs Shipping,,,,,,
Roddy Speechley,UK,70% Dark Bites,24-Mar-22,"$1,421 ",284,71.05,needs Shipping,,,,,,
Rafaelita Blaksland,USA,Drinking Coco,20-Jun-22,"$8,526 ",73,682.08,needs Shipping,,,,,,
Mallorie Waber,Canada,Manuka Honey Choco,7-Mar-22,"$1,435 ",112,71.75,needs Shipping,,,,,,
Kaine Padly,Australia,Fruit & Nut Bars,20-Jun-22,"$7,434 ",85,371.7,needs Shipping,,,,,,
Oby Sorrel,New Zealand,Organic Choco Syrup,17-Feb-22,"$15,316 ",270,765.8,needs Shipping,,,,,,
Madelene Upcott,UK,99% Dark & Pure,26-Jan-22,"$10,479 ",45,523.95,Delay Shipping,,,,,,
Madelene Upcott,Australia,Mint Chip Choco,2-May-22,"$2,751 ",153,137.55,needs Shipping,,,,,,
Curtice Advani,Canada,99% Dark & Pure,7-Jul-22,"$12,586 ",7,629.3,Delay Shipping,,,,,,
Rafaelita Blaksland,Australia,Baker's Choco Chips,22-Aug-22,"$2,786 ",51,139.3,needs Shipping,,,,,,
Karlen McCaffrey,Australia,After Nines,11-Aug-22,"$2,303 ",67,115.15,needs Shipping,,,,,,
Marney O'Breen,UK,99% Dark & Pure,13-Jan-22,"$8,113 ",194,405.65,needs Shipping,,,,,,
Gunar Cockshoot,Australia,50% Dark Bites,2-Mar-22,"$12,271 ",116,613.55,needs Shipping,,,,,,
Marney O'Breen,Australia,Choco Coated Almonds,27-Jul-22,"$11,298 ",41,564.9,Delay Shipping,,,,,,
Kelci Walkden,New Zealand,Drinking Coco,10-Mar-22,"$15,855 ",111,792.75,needs Shipping,,,,,,
Beverie Moffet,USA,85% Dark Bars,23-Aug-22,"$12,404 ",334,992.32,needs Shipping,,,,,,
Roddy Speechley,USA,Eclairs,25-Apr-22,"$3,990 ",155,319.2,needs Shipping,,,,,,
Dennison Crosswaite,UK,Milk Bars,7-Mar-22,"$10,808 ",407,540.4,needs Shipping,,,,,,
Wilone O'Kielt,UK,Organic Choco Syrup,12-Jul-22,"$4,858 ",52,242.9,needs Shipping,,,,,,
Madelene Upcott,USA,Orange Choco,16-May-22,"$7,742 ",138,619.36,needs Shipping,,,,,,
Gunar Cockshoot,India,Smooth Sliky Salty,2-Mar-22,"$3,752 ",70,187.6,needs Shipping,,,,,,
Marney O'Breen,New Zealand,85% Dark Bars,30-May-22,"$1,218 ",149,60.9,needs Shipping,,,,,,
Marney O'Breen,UK,Manuka Honey Choco,10-Jun-22,"$10,983 ",179,549.15,needs Shipping,,,,,,
Brien Boise,USA,99% Dark & Pure,25-Jul-22,"$6,769 ",353,541.52,needs Shipping,,,,,,
Beverie Moffet,New Zealand,Mint Chip Choco,9-Jun-22,"$4,361 ",97,218.05,needs Shipping,,,,,,
Dennison Crosswaite,USA,Milk Bars,12-May-22,$777 ,60,62.16,needs Shipping,,,,,,
Gunar Cockshoot,USA,Drinking Coco,9-May-22,"$3,843 ",5,307.44,Delay Shipping,,,,,,
Brien Boise,Canada,Manuka Honey Choco,9-Aug-22,"$6,930 ",182,346.5,needs Shipping,,,,,,
Van Tuxwell,India,Choco Coated Almonds,13-Apr-22,"$5,733 ",114,286.65,needs Shipping,,,,,,
Andria Kimpton,USA,Caramel Stuffed Bars,2-May-22,"$8,393 ",46,671.44,Delay Shipping,,,,,,
Dotty Strutley,USA,99% Dark & Pure,9-Aug-22,"$3,822 ",320,305.76,needs Shipping,,,,,,
Camilla Castle,Australia,Raspberry Choco,23-Aug-22,"$6,342 ",178,317.1,needs Shipping,,,,,,
Gunar Cockshoot,India,Spicy Special Slims,13-May-22,"$6,510 ",170,325.5,needs Shipping,,,,,,
Karlen McCaffrey,USA,Manuka Honey Choco,1-Feb-22,"$10,171 ",67,813.68,needs Shipping,,,,,,
Camilla Castle,USA,50% Dark Bites,23-Jun-22,"$5,908 ",301,472.64,needs Shipping,,,,,,
Madelene Upcott,UK,Choco Coated Almonds,24-May-22,"$10,164 ",134,508.2,needs Shipping,,,,,,
Jan Morforth,Canada,Mint Chip Choco,1-Apr-22,"$1,064 ",211,53.2,needs Shipping,,,,,,
Camilla Castle,Canada,70% Dark Bites,27-Jul-22,"$9,716 ",151,485.8,needs Shipping,,,,,,
Ches Bonnell,India,Peanut Butter Cubes,27-Jan-22,"$22,050 ",208,1102.5,needs Shipping,,,,,,
Jan Morforth,India,Choco Coated Almonds,12-Aug-22,"$2,541 ",134,127.05,needs Shipping,,,,,,
Gigi Bohling,Canada,Almond Choco,1-Feb-22,"$9,989 ",49,499.45,Delay Shipping,,,,,,
Rafaelita Blaksland,India,After Nines,2-Mar-22,"$4,739 ",204,236.95,needs Shipping,,,,,,
Kelci Walkden,Australia,99% Dark & Pure,30-Jun-22,"$3,185 ",34,159.25,Delay Shipping,,,,,,
Dotty Strutley,Australia,Spicy Special Slims,17-Jan-22,"$8,225 ",91,411.25,needs Shipping,,,,,,
Brien Boise,USA,Milk Bars,7-Jul-22,"$14,301 ",130,1144.08,needs Shipping,,,,,,
Mallorie Waber,New Zealand,Mint Chip Choco,31-Jan-22,"$1,316 ",107,65.8,needs Shipping,,,,,,
Beverie Moffet,UK,99% Dark & Pure,10-Aug-22,"$3,486 ",121,174.3,needs Shipping,,,,,,
Beverie Moffet,USA,Peanut Butter Cubes,18-Aug-22,"$13,930 ",339,1114.4,needs Shipping,,,,,,
Brien Boise,New Zealand,White Choc,15-Jun-22,"$5,509 ",321,275.45,needs Shipping,,,,,,
Marney O'Breen,USA,Baker's Choco Chips,26-Jan-22,"$8,470 ",9,677.6,Delay Shipping,,,,,,
Kelci Walkden,USA,Spicy Special Slims,29-Apr-22,$77 ,69,6.16,needs Shipping,,,,,,
Mallorie Waber,Canada,White Choc,3-Mar-22,"$3,381 ",72,169.05,needs Shipping,,,,,,
Kaine Padly,Australia,Almond Choco,22-Feb-22,"$4,102 ",392,205.1,needs Shipping,,,,,,
Oby Sorrel,USA,Smooth Sliky Salty,4-Mar-22,"$3,577 ",158,286.16,needs Shipping,,,,,,
Dennison Crosswaite,India,Smooth Sliky Salty,7-Jul-22,"$2,975 ",9,148.75,Delay Shipping,,,,,,
Camilla Castle,New Zealand,Caramel Stuffed Bars,17-Jun-22,"$4,137 ",347,206.85,needs Shipping,,,,,,
Jan Morforth,Canada,Caramel Stuffed Bars,2-Aug-22,"$9,541 ",114,477.05,needs Shipping,,,,,,
Oby Sorrel,USA,Baker's Choco Chips,12-Aug-22,"$8,001 ",120,640.08,needs Shipping,,,,,,
Madelene Upcott,New Zealand,Peanut Butter Cubes,28-Jan-22,"$5,152 ",333,257.6,needs Shipping,,,,,,
Kelci Walkden,Australia,Orange Choco,29-Apr-22,"$11,116 ",432,555.8,needs Shipping,,,,,,
Marney O'Breen,Australia,Manuka Honey Choco,5-Apr-22,"$13,076 ",236,653.8,needs Shipping,,,,,,
Kaine Padly,Canada,Manuka Honey Choco,18-Jan-22,"$10,213 ",135,510.65,needs Shipping,,,,,,
Jehu Rudeforth,UK,Baker's Choco Chips,16-May-22,"$2,485 ",97,124.25,needs Shipping,,,,,,
Kelci Walkden,Australia,White Choc,24-Aug-22,"$8,715 ",168,435.75,needs Shipping,,,,,,
Curtice Advani,India,85% Dark Bars,18-Jan-22,$273 ,402,13.65,needs Shipping,,,,,,
Kaine Padly,USA,Eclairs,22-Aug-22,"$7,623 ",10,609.84,Delay Shipping,,,,,,
Gunar Cockshoot,UK,99% Dark & Pure,7-Mar-22,$7 ,84,0.35,needs Shipping,,,,,,
Beverie Moffet,UK,Choco Coated Almonds,4-Mar-22,"$3,010 ",69,150.5,needs Shipping,,,,,,
Dotty Strutley,Canada,Manuka Honey Choco,22-Apr-22,"$11,550 ",111,577.5,needs Shipping,,,,,,
Kaine Padly,Australia,Milk Bars,9-Jun-22,"$4,046 ",89,202.3,needs Shipping,,,,,,
Jan Morforth,Canada,Fruit & Nut Bars,25-Jul-22,"$8,904 ",199,445.2,needs Shipping,,,,,,
Jan Morforth,India,Smooth Sliky Salty,3-Aug-22,"$11,298 ",89,564.9,needs Shipping,,,,,,
Rafaelita Blaksland,Australia,Manuka Honey Choco,3-Aug-22,"$4,396 ",131,219.8,needs Shipping,,,,,,
Jehu Rudeforth,UK,Milk Bars,3-May-22,"$12,068 ",227,603.4,needs Shipping,,,,,,
Husein Augar,Canada,After Nines,19-Jan-22,"$9,772 ",301,488.6,needs Shipping,,,,,,
Roddy Speechley,USA,50% Dark Bites,11-Feb-22,"$10,458 ",316,836.64,needs Shipping,,,,,,
Van Tuxwell,India,Almond Choco,14-Jun-22,"$6,426 ",390,321.3,needs Shipping,,,,,,
Kelci Walkden,USA,50% Dark Bites,23-Mar-22,"$6,188 ",223,495.04,needs Shipping,,,,,,
Madelene Upcott,Canada,85% Dark Bars,17-Feb-22,"$7,504 ",101,375.2,needs Shipping,,,,,,
Dennison Crosswaite,Canada,Smooth Sliky Salty,17-Mar-22,"$1,750 ",479,87.5,needs Shipping,,,,,,
Mallorie Waber,Australia,Spicy Special Slims,29-Jun-22,"$5,439 ",287,271.95,needs Shipping,,,,,,
Ches Bonnell,Canada,Choco Coated Almonds,24-Aug-22,"$15,547 ",269,777.35,needs Shipping,,,,,,
Gigi Bohling,Canada,Spicy Special Slims,4-Jul-22,"$11,956 ",277,597.8,needs Shipping,,,,,,
Roddy Speechley,New Zealand,Almond Choco,28-Mar-22,"$2,723 ",67,136.15,needs Shipping,,,,,,
Curtice Advani,India,Smooth Sliky Salty,19-Apr-22,"$19,327 ",135,966.35,needs Shipping,,,,,,
Ches Bonnell,New Zealand,Mint Chip Choco,18-Jan-22,"$9,058 ",229,452.9,needs Shipping,,,,,,
Van Tuxwell,New Zealand,Fruit & Nut Bars,17-Jan-22,"$2,996 ",88,149.8,needs Shipping,,,,,,
Andria Kimpton,New Zealand,Mint Chip Choco,15-Feb-22,"$8,848 ",211,442.4,needs Shipping,,,,,,
Andria Kimpton,UK,Milk Bars,11-Feb-22,"$14,336 ",293,716.8,needs Shipping,,,,,,
Camilla Castle,USA,Manuka Honey Choco,21-Mar-22,"$16,401 ",179,1312.08,needs Shipping,,,,,,
Gunar Cockshoot,New Zealand,Almond Choco,5-Jan-22,"$5,173 ",129,258.65,needs Shipping,,,,,,
Brien Boise,India,Raspberry Choco,30-May-22,"$6,328 ",164,316.4,needs Shipping,,,,,,
Jehu Rudeforth,USA,99% Dark & Pure,4-Jan-22,"$2,534 ",219,202.72,needs Shipping,,,,,,
Beverie Moffet,Australia,Fruit & Nut Bars,22-Apr-22,"$1,435 ",258,71.75,needs Shipping,,,,,,
Gigi Bohling,Canada,Milk Bars,10-Feb-22,"$3,052 ",116,152.6,needs Shipping,,,,,,
Dotty Strutley,India,Spicy Special Slims,12-Aug-22,$910 ,204,45.5,needs Shipping,,,,,,
Gunar Cockshoot,USA,Organic Choco Syrup,10-Aug-22,"$2,331 ",321,186.48,needs Shipping,,,,,,
Kelci Walkden,Australia,Raspberry Choco,7-Jun-22,$679 ,56,33.95,needs Shipping,,,,,,
Jehu Rudeforth,India,Baker's Choco Chips,6-Jun-22,"$2,086 ",74,104.3,needs Shipping,,,,,,
Karlen McCaffrey,New Zealand,Baker's Choco Chips,5-Apr-22,"$5,012 ",189,250.6,needs Shipping,,,,,,
Wilone O'Kielt,USA,50% Dark Bites,18-Apr-22,"$4,501 ",131,360.08,needs Shipping,,,,,,
Andria Kimpton,India,50% Dark Bites,31-Jan-22,"$13,482 ",15,674.1,Delay Shipping,,,,,,
Madelene Upcott,USA,Baker's Choco Chips,22-Aug-22,"$5,621 ",140,449.68,needs Shipping,,,,,,
Jehu Rudeforth,Australia,99% Dark & Pure,25-Feb-22,"$10,486 ",198,524.3,needs Shipping,,,,,,
Jan Morforth,Australia,Mint Chip Choco,22-Feb-22,"$17,626 ",103,881.3,needs Shipping,,,,,,
Oby Sorrel,New Zealand,Milk Bars,12-Jan-22,"$4,494 ",187,224.7,needs Shipping,,,,,,
Brien Boise,UK,Almond Choco,25-May-22,$105 ,125,5.25,needs Shipping,,,,,,
Kelci Walkden,India,Smooth Sliky Salty,1-Feb-22,"$2,464 ",8,123.2,Delay Shipping,,,,,,
Rafaelita Blaksland,UK,Eclairs,27-Apr-22,"$1,379 ",70,68.95,needs Shipping,,,,,,
Gigi Bohling,USA,Smooth Sliky Salty,22-Jul-22,"$2,583 ",126,206.64,needs Shipping,,,,,,
Curtice Advani,New Zealand,Mint Chip Choco,26-Jan-22,"$3,220 ",265,161,needs Shipping,,,,,,
Curtice Advani,USA,Mint Chip Choco,24-Aug-22,"$4,802 ",296,384.16,needs Shipping,,,,,,
Madelene Upcott,New Zealand,Fruit & Nut Bars,18-Jan-22,"$5,677 ",21,283.85,Delay Shipping,,,,,,
Karlen McCaffrey,India,85% Dark Bars,30-Mar-22,$945 ,83,47.25,needs Shipping,,,,,,
Ches Bonnell,Australia,Caramel Stuffed Bars,17-Jan-22,"$8,757 ",162,437.85,needs Shipping,,,,,,
Kelci Walkden,USA,Fruit & Nut Bars,17-Feb-22,"$4,816 ",145,385.28,needs Shipping,,,,,,
Kelci Walkden,Canada,Peanut Butter Cubes,8-Apr-22,"$7,532 ",44,376.6,Delay Shipping,,,,,,
Gigi Bohling,Canada,Drinking Coco,6-Jul-22,"$3,549 ",82,177.45,needs Shipping,,,,,,
Husein Augar,India,Fruit & Nut Bars,4-Apr-22,"$4,340 ",226,217,needs Shipping,,,,,,
Jan Morforth,New Zealand,Organic Choco Syrup,2-Mar-22,"$1,799 ",207,89.95,needs Shipping,,,,,,
Gigi Bohling,New Zealand,Raspberry Choco,9-Aug-22,"$1,127 ",176,56.35,needs Shipping,,,,,,
Dennison Crosswaite,Australia,Milk Bars,9-Jun-22,"$10,038 ",286,501.9,needs Shipping,,,,,,
Ches Bonnell,UK,Caramel Stuffed Bars,2-Jun-22,"$2,926 ",300,146.3,needs Shipping,,,,,,
Van Tuxwell,USA,Fruit & Nut Bars,5-Jul-22,"$6,279 ",235,502.32,needs Shipping,,,,,,
Andria Kimpton,Canada,Eclairs,11-Aug-22,$308 ,125,15.4,needs Shipping,,,,,,
Madelene Upcott,India,Choco Coated Almonds,11-Feb-22,"$3,500 ",145,175,needs Shipping,,,,,,
Kelci Walkden,New Zealand,Spicy Special Slims,11-Aug-22,$658 ,65,32.9,needs Shipping,,,,,,
Roddy Speechley,Australia,Drinking Coco,12-May-22,"$12,565 ",102,628.25,needs Shipping,,,,,,
Wilone O'Kielt,USA,Milk Bars,15-Jul-22,"$5,012 ",93,400.96,needs Shipping,,,,,,
Andria Kimpton,India,Organic Choco Syrup,18-Jan-22,"$3,955 ",134,197.75,needs Shipping,,,,,,
Madelene Upcott,UK,Fruit & Nut Bars,5-Jan-22,"$8,512 ",189,425.6,needs Shipping,,,,,,
Curtice Advani,Australia,50% Dark Bites,29-Jun-22,$504 ,232,25.2,needs Shipping,,,,,,
Brien Boise,Canada,Raspberry Choco,14-Jun-22,"$2,800 ",45,140,Delay Shipping,,,,,,
Gunar Cockshoot,India,Mint Chip Choco,8-Aug-22,"$4,256 ",67,212.8,needs Shipping,,,,,,
Dennison Crosswaite,India,Mint Chip Choco,23-Mar-22,"$13,573 ",138,678.65,needs Shipping,,,,,,
Barr Faughny,India,Caramel Stuffed Bars,4-Jan-22,"$6,566 ",99,328.3,needs Shipping,,,,,,
Brien Boise,India,Milk Bars,22-Feb-22,"$13,503 ",251,675.15,needs Shipping,,,,,,
Beverie Moffet,UK,Spicy Special Slims,17-Feb-22,"$8,680 ",252,434,needs Shipping,,,,,,
Barr Faughny,USA,Almond Choco,3-Feb-22,$385 ,78,30.8,needs Shipping,,,,,,
Van Tuxwell,Canada,Raspberry Choco,17-Mar-22,"$1,267 ",130,63.35,needs Shipping,,,,,,
Wilone O'Kielt,Australia,Baker's Choco Chips,25-Jan-22,"$2,961 ",154,148.05,needs Shipping,,,,,,
Brien Boise,Australia,Milk Bars,27-Jul-22,"$1,981 ",52,99.05,needs Shipping,,,,,,
Husein Augar,Australia,Fruit & Nut Bars,28-Jan-22,"$7,959 ",53,397.95,needs Shipping,,,,,,
Madelene Upcott,Australia,Organic Choco Syrup,5-Jul-22,"$10,794 ",50,539.7,needs Shipping,,,,,,
Van Tuxwell,India,White Choc,15-Mar-22,"$1,897 ",44,94.85,Delay Shipping,,,,,,
Gunar Cockshoot,Canada,After Nines,4-Aug-22,"$2,744 ",200,137.2,needs Shipping,,,,,,
Jan Morforth,USA,Fruit & Nut Bars,27-Jun-22,"$4,382 ",361,350.56,needs Shipping,,,,,,
Jan Morforth,Canada,After Nines,13-Jul-22,"$4,515 ",172,225.75,needs Shipping,,,,,,
Barr Faughny,New Zealand,Manuka Honey Choco,24-Feb-22,"$5,474 ",239,273.7,needs Shipping,,,,,,
Karlen McCaffrey,New Zealand,85% Dark Bars,28-Jun-22,"$6,069 ",55,303.45,needs Shipping,,,,,,
Oby Sorrel,Australia,85% Dark Bars,30-Jun-22,"$6,944 ",27,347.2,Delay Shipping,,,,,,
Curtice Advani,Canada,Choco Coated Almonds,18-Aug-22,"$5,859 ",7,292.95,Delay Shipping,,,,,,
Kaine Padly,India,70% Dark Bites,24-Jan-22,"$12,173 ",301,608.65,needs Shipping,,,,,,
Beverie Moffet,USA,White Choc,11-Mar-22,"$5,292 ",134,423.36,needs Shipping,,,,,,
Ches Bonnell,New Zealand,After Nines,23-Jun-22,"$5,705 ",350,285.25,needs Shipping,,,,,,
Husein Augar,India,Spicy Special Slims,22-Aug-22,"$2,492 ",33,124.6,Delay Shipping,,,,,,
Gunar Cockshoot,Canada,50% Dark Bites,4-Jan-22,"$3,024 ",23,151.2,Delay Shipping,,,,,,
Curtice Advani,India,Milk Bars,5-Apr-22,"$3,437 ",201,171.85,needs Shipping,,,,,,
Beverie Moffet,India,Milk Bars,15-Apr-22,"$1,869 ",323,93.45,needs Shipping,,,,,,
Husein Augar,Australia,White Choc,11-May-22,"$3,171 ",220,158.55,needs Shipping,,,,,,
Andria Kimpton,Canada,Manuka Honey Choco,21-Jul-22,"$4,858 ",488,242.9,needs Shipping,,,,,,
Jan Morforth,New Zealand,Orange Choco,11-Feb-22,"$1,225 ",84,61.25,needs Shipping,,,,,,
Andria Kimpton,Canada,Smooth Sliky Salty,8-Jul-22,"$1,155 ",79,57.75,needs Shipping,,,,,,
Gunar Cockshoot,UK,Raspberry Choco,11-Aug-22,"$6,811 ",344,340.55,needs Shipping,,,,,,
Husein Augar,New Zealand,After Nines,4-Aug-22,"$6,433 ",7,321.65,Delay Shipping,,,,,,
Andria Kimpton,New Zealand,Orange Choco,14-Jun-22,"$8,169 ",88,408.45,needs Shipping,,,,,,
Dennison Crosswaite,UK,Baker's Choco Chips,17-Jan-22,"$2,275 ",275,113.75,needs Shipping,,,,,,
Jehu Rudeforth,Canada,Orange Choco,23-Jun-22,"$3,857 ",512,192.85,needs Shipping,,,,,,
Jehu Rudeforth,UK,Smooth Sliky Salty,24-Aug-22,"$1,463 ",113,73.15,needs Shipping,,,,,,
Andria Kimpton,UK,Caramel Stuffed Bars,7-Jun-22,"$7,924 ",275,396.2,needs Shipping,,,,,,
Jan Morforth,UK,White Choc,22-Jun-22,"$8,799 ",47,439.95,Delay Shipping,,,,,,
Dotty Strutley,USA,Fruit & Nut Bars,13-Jul-22,"$2,898 ",276,231.84,needs Shipping,,,,,,
Kelci Walkden,UK,Choco Coated Almonds,24-May-22,"$9,506 ",212,475.3,needs Shipping,,,,,,
Gunar Cockshoot,New Zealand,After Nines,9-Aug-22,"$7,175 ",145,358.75,needs Shipping,,,,,,
Kaine Padly,Canada,85% Dark Bars,6-Apr-22,"$1,729 ",31,86.45,Delay Shipping,,,,,,
Jan Morforth,New Zealand,Manuka Honey Choco,28-Jul-22,"$1,589 ",271,79.45,needs Shipping,,,,,,
Gunar Cockshoot,New Zealand,Raspberry Choco,24-Aug-22,$630 ,52,31.5,needs Shipping,,,,,,
Van Tuxwell,Australia,99% Dark & Pure,17-Jan-22,$112 ,128,5.6,needs Shipping,,,,,,
Curtice Advani,USA,Drinking Coco,7-Feb-22,"$5,187 ",142,414.96,needs Shipping,,,,,,
Brien Boise,Australia,Spicy Special Slims,9-May-22,"$6,223 ",256,311.15,needs Shipping,,,,,,
Mallorie Waber,New Zealand,85% Dark Bars,6-Jun-22,"$7,714 ",106,385.7,needs Shipping,,,,,,
Wilone O'Kielt,USA,Choco Coated Almonds,6-Jun-22,"$9,457 ",6,756.56,Delay Shipping,,,,,,
Beverie Moffet,New Zealand,Organic Choco Syrup,24-May-22,"$6,678 ",226,333.9,needs Shipping,,,,,,
Gunar Cockshoot,UK,50% Dark Bites,13-Jan-22,"$2,107 ",121,105.35,needs Shipping,,,,,,
Marney O'Breen,USA,Raspberry Choco,23-May-22,"$6,069 ",151,485.52,needs Shipping,,,,,,
Jehu Rudeforth,UK,White Choc,29-Jun-22,"$1,862 ",284,93.1,needs Shipping,,,,,,
Jehu Rudeforth,New Zealand,85% Dark Bars,11-Mar-22,"$6,972 ",89,348.6,needs Shipping,,,,,,
Dotty Strutley,USA,85% Dark Bars,25-Apr-22,"$10,220 ",508,817.6,needs Shipping,,,,,,
Rafaelita Blaksland,Australia,Smooth Sliky Salty,30-May-22,"$3,969 ",243,198.45,needs Shipping,,,,,,
Curtice Advani,India,Manuka Honey Choco,23-May-22,"$1,547 ",170,77.35,needs Shipping,,,,,,
Mallorie Waber,USA,Peanut Butter Cubes,23-May-22,"$1,162 ",18,92.96,Delay Shipping,,,,,,
Van Tuxwell,Canada,Peanut Butter Cubes,24-Jun-22,"$6,342 ",282,317.1,needs Shipping,,,,,,
Kelci Walkden,New Zealand,Smooth Sliky Salty,11-Mar-22,"$10,633 ",277,531.65,needs Shipping,,,,,,
Rafaelita Blaksland,USA,Smooth Sliky Salty,27-Jul-22,"$15,057 ",212,1204.56,needs Shipping,,,,,,
Rafaelita Blaksland,USA,White Choc,16-Aug-22,"$4,704 ",126,376.32,needs Shipping,,,,,,
Roddy Speechley,Canada,Smooth Sliky Salty,7-Mar-22,"$9,338 ",11,466.9,Delay Shipping,,,,,,
Curtice Advani,New Zealand,After Nines,5-Apr-22,"$7,959 ",30,397.95,Delay Shipping,,,,,,
Camilla Castle,India,85% Dark Bars,4-May-22,"$9,023 ",51,451.15,needs Shipping,,,,,,
Ches Bonnell,USA,Choco Coated Almonds,4-Jan-22,"$14,525 ",92,1162,needs Shipping,,,,,,
Marney O'Breen,Australia,Baker's Choco Chips,13-Jan-22,"$5,810 ",101,290.5,needs Shipping,,,,,,
Wilone O'Kielt,New Zealand,Fruit & Nut Bars,11-Jul-22,"$6,426 ",98,321.3,needs Shipping,,,,,,
Kaine Padly,Australia,Mint Chip Choco,17-May-22,"$4,403 ",159,220.15,needs Shipping,,,,,,
Camilla Castle,New Zealand,Peanut Butter Cubes,21-Jul-22,"$1,582 ",62,79.1,needs Shipping,,,,,,
Curtice Advani,Canada,Organic Choco Syrup,22-Feb-22,$791 ,22,39.55,Delay Shipping,,,,,,
Jan Morforth,India,99% Dark & Pure,23-May-22,"$9,100 ",187,455,needs Shipping,,,,,,
Rafaelita Blaksland,Canada,Drinking Coco,12-Jul-22,"$9,884 ",200,494.2,needs Shipping,,,,,,
Jan Morforth,UK,Orange Choco,15-Jun-22,"$3,780 ",201,189,needs Shipping,,,,,,
Barr Faughny,New Zealand,50% Dark Bites,23-Jun-22,"$4,557 ",308,227.85,needs Shipping,,,,,,
Curtice Advani,Australia,Eclairs,25-Mar-22,"$5,796 ",55,289.8,needs Shipping,,,,,,
Jan Morforth,India,Caramel Stuffed Bars,4-Jul-22,$84 ,153,4.2,needs Shipping,,,,,,
Andria Kimpton,UK,White Choc,12-May-22,"$9,037 ",101,451.85,needs Shipping,,,,,,
Camilla Castle,New Zealand,Raspberry Choco,4-Apr-22,"$4,746 ",137,237.3,needs Shipping,,,,,,
Madelene Upcott,Australia,Orange Choco,15-Apr-22,"$6,713 ",398,335.65,needs Shipping,,,,,,
Roddy Speechley,Canada,Eclairs,8-Mar-22,"$6,237 ",88,311.85,needs Shipping,,,,,,
Karlen McCaffrey,India,White Choc,17-Jan-22,"$7,483 ",232,374.15,needs Shipping,,,,,,
Wilone O'Kielt,India,Mint Chip Choco,22-Aug-22,"$1,309 ",51,65.45,needs Shipping,,,,,,
Andria Kimpton,UK,99% Dark & Pure,25-Jul-22,"$1,155 ",66,57.75,needs Shipping,,,,,,
Marney O'Breen,UK,50% Dark Bites,14-Jun-22,"$2,989 ",124,149.45,needs Shipping,,,,,,
Ches Bonnell,India,Choco Coated Almonds,5-Apr-22,"$9,625 ",78,481.25,needs Shipping,,,,,,
Madelene Upcott,UK,Raspberry Choco,26-Aug-22,"$7,357 ",341,367.85,needs Shipping,,,,,,
Wilone O'Kielt,Australia,50% Dark Bites,3-Aug-22,"$10,031 ",114,501.55,needs Shipping,,,,,,
Gigi Bohling,Canada,White Choc,11-Jul-22,"$6,587 ",4,329.35,Delay Shipping,,,,,,
Wilone O'Kielt,New Zealand,Eclairs,11-Mar-22,"$3,311 ",22,165.55,Delay Shipping,,,,,,
Brien Boise,UK,Peanut Butter Cubes,10-Jan-22,"$15,330 ",30,766.5,Delay Shipping,,,,,,
Roddy Speechley,UK,Baker's Choco Chips,4-Apr-22,"$14,028 ",351,701.4,needs Shipping,,,,,,
Karlen McCaffrey,Australia,50% Dark Bites,17-Jan-22,"$6,678 ",708,333.9,needs Shipping,,,,,,
Marney O'Breen,New Zealand,Organic Choco Syrup,8-Jul-22,"$8,624 ",50,431.2,needs Shipping,,,,,,
Jan Morforth,UK,Organic Choco Syrup,12-Apr-22,"$1,197 ",356,59.85,needs Shipping,,,,,,
Rafaelita Blaksland,Canada,Fruit & Nut Bars,24-Aug-22,$483 ,185,24.15,needs Shipping,,,,,,
Ches Bonnell,UK,Choco Coated Almonds,7-Jun-22,"$1,687 ",236,84.35,needs Shipping,,,,,,
Gunar Cockshoot,Canada,Almond Choco,28-Jul-22,"$1,309 ",30,65.45,Delay Shipping,,,,,,
Husein Augar,USA,99% Dark & Pure,21-Feb-22,"$9,534 ",111,762.72,needs Shipping,,,,,,
Dennison Crosswaite,Canada,Mint Chip Choco,8-Apr-22,"$1,694 ",289,84.7,needs Shipping,,,,,,
Brien Boise,UK,Manuka Honey Choco,28-Jun-22,$70 ,103,3.5,needs Shipping,,,,,,
Van Tuxwell,UK,Baker's Choco Chips,24-Mar-22,"$2,443 ",20,122.15,Delay Shipping,,,,,,
Barr Faughny,Australia,Caramel Stuffed Bars,29-Jul-22,"$2,933 ",55,146.65,needs Shipping,,,,,,
Dennison Crosswaite,USA,Eclairs,25-May-22,"$2,044 ",90,163.52,needs Shipping,,,,,,
Gigi Bohling,Australia,Raspberry Choco,30-Mar-22,"$6,524 ",303,326.2,needs Shipping,,,,,,
Dennison Crosswaite,USA,Organic Choco Syrup,18-Jul-22,"$12,656 ",126,1012.48,needs Shipping,,,,,,
Beverie Moffet,Canada,Orange Choco,10-May-22,"$8,722 ",109,436.1,needs Shipping,,,,,,
Mallorie Waber,Australia,Choco Coated Almonds,18-Mar-22,"$15,750 ",92,787.5,needs Shipping,,,,,,
Ches Bonnell,India,Caramel Stuffed Bars,15-Jun-22,"$6,839 ",56,341.95,needs Shipping,,,,,,
Van Tuxwell,Canada,50% Dark Bites,12-May-22,"$13,685 ",58,684.25,needs Shipping,,,,,,
Kelci Walkden,New Zealand,Baker's Choco Chips,23-Jun-22,"$2,912 ",110,145.6,needs Shipping,,,,,,
Beverie Moffet,India,Spicy Special Slims,21-Apr-22,"$3,339 ",171,166.95,needs Shipping,,,,,,
Gigi Bohling,Australia,Almond Choco,17-Aug-22,$910 ,117,45.5,needs Shipping,,,,,,
Rafaelita Blaksland,New Zealand,Eclairs,7-Feb-22,"$19,481 ",51,974.05,needs Shipping,,,,,,
Kelci Walkden,Canada,Smooth Sliky Salty,17-Mar-22,"$8,099 ",118,404.95,needs Shipping,,,,,,
Jan Morforth,India,Baker's Choco Chips,1-Aug-22,"$13,727 ",79,686.35,needs Shipping,,,,,,
Jehu Rudeforth,Australia,Milk Bars,18-Mar-22,"$8,659 ",29,432.95,Delay Shipping,,,,,,
Gigi Bohling,Canada,Fruit & Nut Bars,14-Jun-22,"$5,782 ",103,289.1,needs Shipping,,,,,,
Beverie Moffet,UK,Eclairs,22-Apr-22,"$8,463 ",155,423.15,needs Shipping,,,,,,
Marney O'Breen,New Zealand,Eclairs,18-Jan-22,"$4,914 ",31,245.7,Delay Shipping,,,,,,
Husein Augar,Australia,99% Dark & Pure,26-Aug-22,"$3,087 ",128,154.35,needs Shipping,,,,,,
Gunar Cockshoot,New Zealand,Fruit & Nut Bars,10-Jun-22,"$9,205 ",419,460.25,needs Shipping,,,,,,
Curtice Advani,Canada,70% Dark Bites,31-Jan-22,"$2,303 ",7,115.15,Delay Shipping,,,,,,
Kelci Walkden,New Zealand,Manuka Honey Choco,8-Apr-22,"$1,358 ",106,67.9,needs Shipping,,,,,,
Dotty Strutley,Australia,Baker's Choco Chips,7-Jun-22,"$3,605 ",68,180.25,needs Shipping,,,,,,
Barr Faughny,Australia,85% Dark Bars,10-Feb-22,"$8,498 ",44,424.9,Delay Shipping,,,,,,
Beverie Moffet,Australia,50% Dark Bites,16-May-22,$700 ,457,35,needs Shipping,,,,,,
Gunar Cockshoot,India,Baker's Choco Chips,18-Mar-22,"$2,191 ",524,109.55,needs Shipping,,,,,,
Van Tuxwell,Australia,50% Dark Bites,13-Jul-22,$644 ,137,32.2,needs Shipping,,,,,,
Oby Sorrel,USA,Manuka Honey Choco,25-Jul-22,"$4,340 ",86,347.2,needs Shipping,,,,,,
Van Tuxwell,Canada,Choco Coated Almonds,19-Aug-22,"$2,282 ",296,114.1,needs Shipping,,,,,,
Karlen McCaffrey,Canada,70% Dark Bites,24-Jun-22,"$7,714 ",597,385.7,needs Shipping,,,,,,
Kelci Walkden,Canada,Fruit & Nut Bars,20-Jun-22,$826 ,149,41.3,needs Shipping,,,,,,
Camilla Castle,India,99% Dark & Pure,2-Aug-22,$203 ,207,10.15,needs Shipping,,,,,,
Madelene Upcott,New Zealand,70% Dark Bites,22-Feb-22,"$13,356 ",93,667.8,needs Shipping,,,,,,
Mallorie Waber,New Zealand,Orange Choco,1-Feb-22,"$6,510 ",23,325.5,Delay Shipping,,,,,,
Jan Morforth,Canada,70% Dark Bites,14-Feb-22,"$5,894 ",305,294.7,needs Shipping,,,,,,
Kelci Walkden,Australia,Milk Bars,24-Feb-22,"$7,910 ",125,395.5,needs Shipping,,,,,,
Dennison Crosswaite,India,Orange Choco,18-Mar-22,$784 ,129,39.2,needs Shipping,,,,,,
Husein Augar,UK,Eclairs,30-Aug-22,"$1,750 ",252,87.5,needs Shipping,,,,,,
Gigi Bohling,USA,Peanut Butter Cubes,9-May-22,$280 ,75,22.4,needs Shipping,,,,,,
Wilone O'Kielt,USA,Smooth Sliky Salty,18-Jan-22,$504 ,87,40.32,needs Shipping,,,,,,
Curtice Advani,India,White Choc,4-Jul-22,"$7,154 ",342,357.7,needs Shipping,,,,,,
Oby Sorrel,New Zealand,Spicy Special Slims,3-Jun-22,"$1,617 ",13,80.85,Delay Shipping,,,,,,
Beverie Moffet,New Zealand,Peanut Butter Cubes,23-Feb-22,"$10,822 ",30,541.1,Delay Shipping,,,,,,
Dotty Strutley,New Zealand,99% Dark & Pure,9-May-22,"$10,724 ",203,536.2,needs Shipping,,,,,,
Kelci Walkden,India,70% Dark Bites,6-Jun-22,"$3,640 ",106,182,needs Shipping,,,,,,
Kelci Walkden,India,Drinking Coco,4-Jul-22,"$7,532 ",234,376.6,needs Shipping,,,,,,
Brien Boise,New Zealand,Drinking Coco,6-Jun-22,"$1,582 ",100,79.1,needs Shipping,,,,,,
Dotty Strutley,Australia,Almond Choco,13-May-22,"$1,456 ",91,72.8,needs Shipping,,,,,,
Wilone O'Kielt,New Zealand,Organic Choco Syrup,31-Jan-22,"$2,016 ",277,100.8,needs Shipping,,,,,,
Ches Bonnell,New Zealand,Caramel Stuffed Bars,30-Jun-22,"$7,588 ",42,379.4,Delay Shipping,,,,,,
Barr Faughny,Canada,Manuka Honey Choco,25-Aug-22,"$3,402 ",249,170.1,needs Shipping,,,,,,
Gigi Bohling,New Zealand,Smooth Sliky Salty,10-Jan-22,$700 ,97,35,needs Shipping,,,,,,
Brien Boise,USA,Manuka Honey Choco,22-Aug-22,"$1,904 ",8,152.32,Delay Shipping,,,,,,
Roddy Speechley,New Zealand,85% Dark Bars,14-Apr-22,"$4,844 ",275,242.2,needs Shipping,,,,,,
Oby Sorrel,UK,Smooth Sliky Salty,31-May-22,"$9,625 ",313,481.25,needs Shipping,,,,,,
Oby Sorrel,UK,Raspberry Choco,8-Apr-22,"$4,599 ",323,229.95,needs Shipping,,,,,,
Roddy Speechley,USA,Drinking Coco,21-Feb-22,"$3,003 ",155,240.24,needs Shipping,,,,,,
Andria Kimpton,Australia,Manuka Honey Choco,30-Mar-22,"$9,744 ",377,487.2,needs Shipping,,,,,,
Mallorie Waber,India,Raspberry Choco,2-Mar-22,"$1,400 ",2,70,Delay Shipping,,,,,,
Jehu Rudeforth,USA,Orange Choco,28-Jul-22,$364 ,170,29.12,needs Shipping,,,,,,
Kaine Padly,New Zealand,70% Dark Bites,24-Mar-22,"$7,231 ",38,361.55,Delay Shipping,,,,,,
Curtice Advani,Australia,After Nines,11-Aug-22,$63 ,105,3.15,needs Shipping,,,,,,
Husein Augar,UK,Almond Choco,17-May-22,"$8,309 ",166,415.45,needs Shipping,,,,,,
Kaine Padly,Canada,Choco Coated Almonds,18-May-22,"$3,164 ",164,158.2,needs Shipping,,,,,,
Roddy Speechley,UK,Peanut Butter Cubes,17-Aug-22,"$5,691 ",171,284.55,needs Shipping,,,,,,
Ches Bonnell,New Zealand,Eclairs,4-Apr-22,$490 ,49,24.5,Delay Shipping,,,,,,
Brien Boise,India,85% Dark Bars,9-Aug-22,"$18,032 ",205,901.6,needs Shipping,,,,,,
Brien Boise,New Zealand,Organic Choco Syrup,17-Jan-22,$637 ,313,31.85,needs Shipping,,,,,,
Andria Kimpton,Canada,White Choc,14-Feb-22,"$4,067 ",29,203.35,Delay Shipping,,,,,,
Gigi Bohling,New Zealand,Orange Choco,16-May-22,"$8,204 ",307,410.2,needs Shipping,,,,,,
Ches Bonnell,Canada,Smooth Sliky Salty,16-Mar-22,"$9,870 ",121,493.5,needs Shipping,,,,,,
Husein Augar,Canada,70% Dark Bites,31-Jan-22,"$5,131 ",285,256.55,needs Shipping,,,,,,
Barr Faughny,Canada,Organic Choco Syrup,10-Mar-22,"$1,141 ",205,57.05,needs Shipping,,,,,,
Oby Sorrel,UK,Organic Choco Syrup,30-Jun-22,"$7,980 ",157,399,needs Shipping,,,,,,
Van Tuxwell,New Zealand,Eclairs,1-Mar-22,"$5,229 ",182,261.45,needs Shipping,,,,,,
Mallorie Waber,UK,Drinking Coco,27-May-22,"$3,423 ",100,171.15,needs Shipping,,,,,,
Oby Sorrel,UK,Milk Bars,11-Jul-22,"$6,468 ",223,323.4,needs Shipping,,,,,,
Karlen McCaffrey,New Zealand,Mint Chip Choco,2-Mar-22,"$4,326 ",61,216.3,needs Shipping,,,,,,
Jehu Rudeforth,USA,Raspberry Choco,4-Mar-22,"$7,154 ",133,572.32,needs Shipping,,,,,,
Kelci Walkden,UK,85% Dark Bars,23-Jun-22,"$3,997 ",228,199.85,needs Shipping,,,,,,
Kelci Walkden,USA,Almond Choco,27-Jan-22,"$5,180 ",233,414.4,needs Shipping,,,,,,
Marney O'Breen,Canada,Orange Choco,14-Jan-22,"$2,723 ",425,136.15,needs Shipping,,,,,,
Dennison Crosswaite,India,Fruit & Nut Bars,29-Jul-22,$952 ,24,47.6,Delay Shipping,,,,,,
Brien Boise,Canada,Smooth Sliky Salty,13-May-22,"$5,691 ",495,284.55,needs Shipping,,,,,,
Barr Faughny,Canada,Baker's Choco Chips,3-Feb-22,"$10,969 ",170,548.45,needs Shipping,,,,,,
Brien Boise,India,Smooth Sliky Salty,27-May-22,"$5,964 ",26,298.2,Delay Shipping,,,,,,
Jan Morforth,Australia,Drinking Coco,18-Feb-22,"$2,821 ",24,141.05,Delay Shipping,,,,,,
Brien Boise,India,Spicy Special Slims,28-Jan-22,"$1,302 ",33,65.1,Delay Shipping,,,,,,
Van Tuxwell,UK,Eclairs,29-Jun-22,"$5,474 ",109,273.7,needs Shipping,,,,,,
Wilone O'Kielt,India,Caramel Stuffed Bars,13-Jan-22,"$4,179 ",276,208.95,needs Shipping,,,,,,
Jehu Rudeforth,UK,After Nines,27-Jun-22,"$1,946 ",164,97.3,needs Shipping,,,,,,
Barr Faughny,Canada,White Choc,29-Mar-22,"$4,291 ",1,214.55,Delay Shipping,,,,,,
Gunar Cockshoot,India,Organic Choco Syrup,3-Jun-22,"$7,196 ",160,359.8,needs Shipping,,,,,,
Mallorie Waber,Canada,Smooth Sliky Salty,21-Mar-22,"$1,939 ",98,96.95,needs Shipping,,,,,,
Mallorie Waber,India,Eclairs,12-Apr-22,"$10,437 ",46,521.85,Delay Shipping,,,,,,
Rafaelita Blaksland,Australia,Raspberry Choco,19-Jan-22,"$6,916 ",259,345.8,needs Shipping,,,,,,
Karlen McCaffrey,UK,50% Dark Bites,6-Apr-22,"$3,647 ",310,182.35,needs Shipping,,,,,,
Kaine Padly,Australia,50% Dark Bites,2-Aug-22,"$8,995 ",78,449.75,needs Shipping,,,,,,
Gigi Bohling,Australia,Eclairs,12-Apr-22,"$7,252 ",136,362.6,needs Shipping,,,,,,
Oby Sorrel,India,Drinking Coco,21-Jul-22,"$16,380 ",130,819,needs Shipping,,,,,,
Van Tuxwell,New Zealand,Baker's Choco Chips,22-Mar-22,"$9,660 ",24,483,Delay Shipping,,,,,,
Husein Augar,India,Peanut Butter Cubes,9-May-22,"$4,522 ",5,226.1,Delay Shipping,,,,,,
Andria Kimpton,Australia,Baker's Choco Chips,9-Aug-22,$329 ,109,16.45,needs Shipping,,,,,,
Madelene Upcott,Canada,Choco Coated Almonds,20-Jul-22,"$3,458 ",294,172.9,needs Shipping,,,,,,
Brien Boise,India,70% Dark Bites,14-Apr-22,"$4,641 ",413,232.05,needs Shipping,,,,,,
Jehu Rudeforth,Canada,White Choc,25-Jan-22,"$4,627 ",136,231.35,needs Shipping,,,,,,
Andria Kimpton,Australia,Almond Choco,25-Apr-22,"$3,192 ",175,159.6,needs Shipping,,,,,,
Dotty Strutley,Canada,After Nines,17-Jan-22,$252 ,237,12.6,needs Shipping,,,,,,
Karlen McCaffrey,USA,Eclairs,15-Aug-22,$868 ,125,69.44,needs Shipping,,,,,,
Karlen McCaffrey,Canada,Fruit & Nut Bars,2-Jun-22,$210 ,16,10.5,Delay Shipping,,,,,,
Gunar Cockshoot,USA,85% Dark Bars,30-Jun-22,"$7,007 ",135,560.56,needs Shipping,,,,,,
Dotty Strutley,New Zealand,Raspberry Choco,10-Feb-22,"$5,845 ",91,292.25,needs Shipping,,,,,,
Marney O'Breen,Canada,Caramel Stuffed Bars,23-Feb-22,"$1,372 ",614,68.6,needs Shipping,,,,,,
Dennison Crosswaite,India,Organic Choco Syrup,27-Jan-22,"$8,428 ",216,421.4,needs Shipping,,,,,,
Camilla Castle,UK,Mint Chip Choco,26-May-22,"$4,977 ",317,248.85,needs Shipping,,,,,,
Brien Boise,USA,70% Dark Bites,14-Apr-22,"$1,694 ",21,135.52,Delay Shipping,,,,,,
Madelene Upcott,Australia,99% Dark & Pure,1-Aug-22,"$4,326 ",154,216.3,needs Shipping,,,,,,
Mallorie Waber,Australia,Eclairs,22-Aug-22,"$9,527 ",222,476.35,needs Shipping,,,,,,
Marney O'Breen,India,99% Dark & Pure,22-Jul-22,"$10,766 ",157,538.3,needs Shipping,,,,,,
Husein Augar,USA,Fruit & Nut Bars,28-Apr-22,"$1,288 ",27,103.04,Delay Shipping,,,,,,
Kelci Walkden,Australia,Almond Choco,30-May-22,"$4,879 ",350,243.95,needs Shipping,,,,,,
Ches Bonnell,USA,Milk Bars,21-Jul-22,"$2,408 ",157,192.64,needs Shipping,,,,,,
Jan Morforth,UK,Caramel Stuffed Bars,2-Aug-22,"$3,094 ",468,154.7,needs Shipping,,,,,,
Brien Boise,New Zealand,70% Dark Bites,15-Jun-22,"$7,231 ",130,361.55,needs Shipping,,,,,,
Oby Sorrel,India,85% Dark Bars,5-Jul-22,"$8,981 ",130,449.05,needs Shipping,,,,,,
Kaine Padly,New Zealand,Smooth Sliky Salty,12-Apr-22,$7 ,518,0.35,needs Shipping,,,,,,
Gigi Bohling,Australia,70% Dark Bites,18-Aug-22,"$1,372 ",105,68.6,needs Shipping,,,,,,
Jan Morforth,UK,50% Dark Bites,12-Jan-22,"$5,250 ",293,262.5,needs Shipping,,,,,,
Gunar Cockshoot,Canada,White Choc,11-Aug-22,"$7,560 ",15,378,Delay Shipping,,,,,,
Jehu Rudeforth,Australia,Spicy Special Slims,13-Jan-22,"$5,012 ",384,250.6,needs Shipping,,,,,,
Husein Augar,UK,Baker's Choco Chips,29-Apr-22,"$3,038 ",135,151.9,needs Shipping,,,,,,
Rafaelita Blaksland,New Zealand,After Nines,7-Jul-22,"$1,099 ",92,54.95,needs Shipping,,,,,,
Madelene Upcott,New Zealand,Mint Chip Choco,11-Mar-22,"$7,413 ",4,370.65,Delay Shipping,,,,,,
Madelene Upcott,UK,70% Dark Bites,16-Feb-22,"$5,397 ",239,269.85,needs Shipping,,,,,,
Barr Faughny,Australia,Organic Choco Syrup,7-Jan-22,"$2,303 ",33,115.15,Delay Shipping,,,,,,
Beverie Moffet,New Zealand,Drinking Coco,12-Jan-22,"$1,141 ",518,57.05,needs Shipping,,,,,,
Beverie Moffet,India,Eclairs,9-Jun-22,"$10,325 ",147,516.25,needs Shipping,,,,,,
Andria Kimpton,India,Eclairs,16-May-22,"$2,149 ",84,107.45,needs Shipping,,,,,,
Gigi Bohling,UK,85% Dark Bars,23-Jun-22,"$12,362 ",94,618.1,needs Shipping,,,,,,
Roddy Speechley,UK,Raspberry Choco,28-Jan-22,"$12,635 ",194,631.75,needs Shipping,,,,,,
Dotty Strutley,UK,Mint Chip Choco,14-Jul-22,"$2,443 ",216,122.15,needs Shipping,,,,,,
Barr Faughny,Canada,Drinking Coco,18-Apr-22,"$6,237 ",247,311.85,needs Shipping,,,,,,
Oby Sorrel,USA,Milk Bars,14-Jun-22,"$1,736 ",79,138.88,needs Shipping,,,,,,
Oby Sorrel,UK,Orange Choco,15-Apr-22,"$7,315 ",237,365.75,needs Shipping,,,,,,
Curtice Advani,Canada,Peanut Butter Cubes,19-May-22,"$4,935 ",63,246.75,needs Shipping,,,,,,
Gigi Bohling,India,White Choc,13-Apr-22,"$1,393 ",172,69.65,needs Shipping,,,,,,
Husein Augar,Canada,Choco Coated Almonds,15-Aug-22,"$3,381 ",408,169.05,needs Shipping,,,,,,
Wilone O'Kielt,India,Choco Coated Almonds,22-Aug-22,"$2,933 ",233,146.65,needs Shipping,,,,,,
Wilone O'Kielt,New Zealand,Baker's Choco Chips,22-Apr-22,"$3,836 ",59,191.8,needs Shipping,,,,,,
Kaine Padly,UK,Choco Coated Almonds,3-Aug-22,"$8,022 ",123,401.1,needs Shipping,,,,,,
Dennison Crosswaite,New Zealand,Organic Choco Syrup,4-Jan-22,$371 ,229,18.55,needs Shipping,,,,,,
Kelci Walkden,Canada,After Nines,13-Jan-22,"$16,702 ",198,835.1,needs Shipping,,,,,,
Van Tuxwell,Australia,Baker's Choco Chips,11-May-22,"$13,258 ",32,662.9,Delay Shipping,,,,,,
Husein Augar,New Zealand,Peanut Butter Cubes,16-Feb-22,"$2,058 ",236,102.9,needs Shipping,,,,,,
Kaine Padly,UK,Caramel Stuffed Bars,20-May-22,"$10,192 ",67,509.6,needs Shipping,,,,,,
Jehu Rudeforth,UK,Drinking Coco,3-Feb-22,"$7,140 ",438,357,needs Shipping,,,,,,
Beverie Moffet,India,Manuka Honey Choco,6-May-22,"$9,835 ",167,491.75,needs Shipping,,,,,,
Gunar Cockshoot,UK,Choco Coated Almonds,30-Jun-22,"$5,775 ",135,288.75,needs Shipping,,,,,,
Gunar Cockshoot,UK,Smooth Sliky Salty,22-Mar-22,$749 ,148,37.45,needs Shipping,,,,,,
Camilla Castle,Canada,Orange Choco,17-Feb-22,"$7,770 ",54,388.5,needs Shipping,,,,,,
Jehu Rudeforth,UK,85% Dark Bars,7-Jul-22,"$5,502 ",64,275.1,needs Shipping,,,,,,
Oby Sorrel,UK,70% Dark Bites,16-Mar-22,"$6,223 ",181,311.15,needs Shipping,,,,,,
Kelci Walkden,UK,99% Dark & Pure,12-Aug-22,"$3,507 ",114,175.35,needs Shipping,,,,,,
Gigi Bohling,New Zealand,After Nines,21-Jan-22,"$5,600 ",181,280,needs Shipping,,,,,,
Oby Sorrel,Australia,50% Dark Bites,6-May-22,$721 ,151,36.05,needs Shipping,,,,,,
Oby Sorrel,Canada,50% Dark Bites,24-Jun-22,"$6,615 ",137,330.75,needs Shipping,,,,,,
Barr Faughny,USA,White Choc,5-May-22,"$7,420 ",163,593.6,needs Shipping,,,,,,
Rafaelita Blaksland,New Zealand,99% Dark & Pure,25-Mar-22,"$3,164 ",84,158.2,needs Shipping,,,,,,
Curtice Advani,Australia,Caramel Stuffed Bars,14-Feb-22,"$9,114 ",140,455.7,needs Shipping,,,,,,
Curtice Advani,New Zealand,85% Dark Bars,12-May-22,"$5,404 ",187,270.2,needs Shipping,,,,,,
Barr Faughny,New Zealand,Smooth Sliky Salty,25-Jan-22,"$3,990 ",169,199.5,needs Shipping,,,,,,
Ches Bonnell,UK,85% Dark Bars,28-Jun-22,"$14,924 ",12,746.2,Delay Shipping,,,,,,
Dennison Crosswaite,Australia,Drinking Coco,13-Jul-22,"$7,091 ",194,354.55,needs Shipping,,,,,,
Roddy Speechley,USA,Milk Bars,16-May-22,"$2,807 ",252,224.56,needs Shipping,,,,,,
Jan Morforth,India,After Nines,14-Mar-22,"$6,496 ",168,324.8,needs Shipping,,,,,,
Gunar Cockshoot,USA,After Nines,15-Aug-22,"$3,738 ",261,299.04,needs Shipping,,,,,,
Ches Bonnell,India,Orange Choco,16-Feb-22,"$1,190 ",256,59.5,needs Shipping,,,,,,
Mallorie Waber,UK,Manuka Honey Choco,15-Jun-22,"$8,379 ",43,418.95,Delay Shipping,,,,,,
Barr Faughny,Australia,Raspberry Choco,27-May-22,"$9,268 ",100,463.4,needs Shipping,,,,,,
Wilone O'Kielt,USA,Drinking Coco,14-Jun-22,"$1,029 ",98,82.32,needs Shipping,,,,,,
Wilone O'Kielt,India,Eclairs,25-Feb-22,"$3,549 ",76,177.45,needs Shipping,,,,,,
Wilone O'Kielt,India,After Nines,4-Aug-22,"$12,026 ",262,601.3,needs Shipping,,,,,,
Kelci Walkden,India,99% Dark & Pure,28-Jun-22,"$2,303 ",244,115.15,needs Shipping,,,,,,
Gunar Cockshoot,Canada,Spicy Special Slims,5-Apr-22,"$13,405 ",12,670.25,Delay Shipping,,,,,,
Madelene Upcott,Canada,Peanut Butter Cubes,5-Jul-22,"$14,763 ",113,738.15,needs Shipping,,,,,,
Kaine Padly,New Zealand,Eclairs,20-Jan-22,"$12,894 ",48,644.7,Delay Shipping,,,,,,
Ches Bonnell,New Zealand,Drinking Coco,16-Feb-22,"$8,302 ",131,415.1,needs Shipping,,,,,,
Curtice Advani,UK,Drinking Coco,12-Jul-22,$455 ,174,22.75,needs Shipping,,,,,,
Kelci Walkden,India,Raspberry Choco,16-Jun-22,"$8,183 ",254,409.15,needs Shipping,,,,,,
Dotty Strutley,Australia,Choco Coated Almonds,13-Apr-22,"$1,645 ",284,82.25,needs Shipping,,,,,,
Kaine Padly,UK,50% Dark Bites,21-Feb-22,"$3,143 ",67,157.15,needs Shipping,,,,,,
Roddy Speechley,Canada,Choco Coated Almonds,11-May-22,"$5,873 ",249,293.65,needs Shipping,,,,,,
Ches Bonnell,India,50% Dark Bites,15-Apr-22,"$11,298 ",313,564.9,needs Shipping,,,,,,
Oby Sorrel,Canada,Peanut Butter Cubes,7-Jun-22,"$12,425 ",167,621.25,needs Shipping,,,,,,
Oby Sorrel,UK,White Choc,27-Jun-22,"$1,715 ",286,85.75,needs Shipping,,,,,,
Barr Faughny,India,After Nines,29-Jul-22,"$8,190 ",109,409.5,needs Shipping,,,,,,
Wilone O'Kielt,Canada,Smooth Sliky Salty,2-Jun-22,"$4,991 ",166,249.55,needs Shipping,,,,,,
Rafaelita Blaksland,India,Mint Chip Choco,26-Jan-22,"$15,491 ",85,774.55,needs Shipping,,,,,,
Rafaelita Blaksland,Canada,99% Dark & Pure,2-Mar-22,"$5,096 ",142,254.8,needs Shipping,,,,,,
Van Tuxwell,Australia,70% Dark Bites,10-Jan-22,"$7,063 ",104,353.15,needs Shipping,,,,,,
Beverie Moffet,USA,70% Dark Bites,27-Jun-22,"$2,275 ",115,182,needs Shipping,,,,,,
Barr Faughny,Canada,Orange Choco,30-Jun-22,"$7,602 ",18,380.1,Delay Shipping,,,,,,
Roddy Speechley,Australia,85% Dark Bars,8-Jul-22,"$4,200 ",80,210,needs Shipping,,,,,,
Oby Sorrel,India,Spicy Special Slims,8-Jun-22,"$11,137 ",88,556.85,needs Shipping,,,,,,
Jan Morforth,UK,Manuka Honey Choco,18-Aug-22,"$3,388 ",212,169.4,needs Shipping,,,,,,
Kaine Padly,Australia,After Nines,8-Apr-22,"$6,832 ",306,341.6,needs Shipping,,,,,,
Wilone O'Kielt,Canada,Fruit & Nut Bars,8-Aug-22,"$3,437 ",181,171.85,needs Shipping,,,,,,
Wilone O'Kielt,UK,Milk Bars,26-Aug-22,$301 ,65,15.05,needs Shipping,,,,,,
Oby Sorrel,Canada,Fruit & Nut Bars,14-Jan-22,"$1,869 ",158,93.45,needs Shipping,,,,,,
Dennison Crosswaite,USA,Baker's Choco Chips,11-Aug-22,"$17,465 ",271,1397.2,needs Shipping,,,,,,
Madelene Upcott,USA,Almond Choco,31-May-22,"$10,143 ",24,811.44,Delay Shipping,,,,,,
Van Tuxwell,New Zealand,50% Dark Bites,11-Jul-22,"$3,626 ",10,181.3,Delay Shipping,,,,,,
Karlen McCaffrey,Canada,Caramel Stuffed Bars,2-Mar-22,"$3,346 ",304,167.3,needs Shipping,,,,,,
Madelene Upcott,Australia,Raspberry Choco,13-Jul-22,"$6,321 ",88,316.05,needs Shipping,,,,,,
Rafaelita Blaksland,UK,Spicy Special Slims,3-Aug-22,"$9,345 ",133,467.25,needs Shipping,,,,,,
Curtice Advani,UK,Peanut Butter Cubes,1-Mar-22,"$15,008 ",165,750.4,needs Shipping,,,,,,
Kelci Walkden,New Zealand,White Choc,13-Apr-22,"$7,609 ",150,380.45,needs Shipping,,,,,,
Beverie Moffet,Canada,Fruit & Nut Bars,14-Feb-22,"$10,332 ",180,516.6,needs Shipping,,,,,,
Mallorie Waber,India,White Choc,26-Jul-22,$819 ,213,40.95,needs Shipping,,,,,,
Brien Boise,UK,Drinking Coco,27-Jan-22,"$5,754 ",133,287.7,needs Shipping,,,,,,
Jehu Rudeforth,India,Peanut Butter Cubes,14-Apr-22,$28 ,446,1.4,needs Shipping,,,,,,
Oby Sorrel,USA,Almond Choco,19-May-22,"$6,440 ",141,515.2,needs Shipping,,,,,,
Husein Augar,India,Eclairs,9-Feb-22,"$4,956 ",58,247.8,needs Shipping,,,,,,
Brien Boise,UK,Spicy Special Slims,25-May-22,"$2,352 ",58,117.6,needs Shipping,,,,,,
Oby Sorrel,Australia,Manuka Honey Choco,26-Jan-22,"$3,906 ",76,195.3,needs Shipping,,,,,,
Beverie Moffet,India,White Choc,4-Jul-22,"$1,813 ",296,90.65,needs Shipping,,,,,,
Ches Bonnell,India,Almond Choco,13-Apr-22,"$11,788 ",73,589.4,needs Shipping,,,,,,
Gigi Bohling,Australia,Smooth Sliky Salty,25-Jan-22,"$5,768 ",119,288.4,needs Shipping,,,,,,
Camilla Castle,USA,85% Dark Bars,25-Apr-22,"$2,401 ",78,192.08,needs Shipping,,,,,,
Camilla Castle,USA,Eclairs,10-Jun-22,"$4,515 ",392,361.2,needs Shipping,,,,,,
Madelene Upcott,New Zealand,White Choc,22-Aug-22,"$10,794 ",51,539.7,needs Shipping,,,,,,
Van Tuxwell,India,After Nines,27-Jun-22,"$13,706 ",207,685.3,needs Shipping,,,,,,
Husein Augar,India,Orange Choco,30-Jun-22,"$4,361 ",40,218.05,Delay Shipping,,,,,,
Jehu Rudeforth,India,Almond Choco,30-Aug-22,"$10,122 ",100,506.1,needs Shipping,,,,,,
Karlen McCaffrey,Australia,Raspberry Choco,23-Aug-22,$994 ,57,49.7,needs Shipping,,,,,,
Camilla Castle,New Zealand,99% Dark & Pure,26-Aug-22,"$2,268 ",42,113.4,Delay Shipping,,,,,,
Gigi Bohling,Australia,Orange Choco,9-Mar-22,$574 ,156,28.7,needs Shipping,,,,,,
Kelci Walkden,UK,Drinking Coco,20-Apr-22,"$1,792 ",23,89.6,Delay Shipping,,,,,,
Mallorie Waber,Canada,Caramel Stuffed Bars,10-Jun-22,"$4,844 ",539,242.2,needs Shipping,,,,,,
Husein Augar,Australia,Organic Choco Syrup,8-Feb-22,$938 ,158,46.9,needs Shipping,,,,,,
Brien Boise,Australia,White Choc,25-Aug-22,"$4,879 ",22,243.95,Delay Shipping,,,,,,
Dotty Strutley,India,Peanut Butter Cubes,16-Feb-22,"$9,107 ",73,455.35,needs Shipping,,,,,,
Dennison Crosswaite,UK,99% Dark & Pure,30-May-22,"$12,187 ",27,609.35,Delay Shipping,,,,,,
Gigi Bohling,New Zealand,50% Dark Bites,29-Jun-22,"$5,670 ",64,283.5,needs Shipping,,,,,,
Gigi Bohling,USA,Milk Bars,16-Jun-22,$476 ,133,38.08,needs Shipping,,,,,,
Brien Boise,UK,Caramel Stuffed Bars,4-Mar-22,"$2,681 ",149,134.05,needs Shipping,,,,,,
Curtice Advani,New Zealand,Peanut Butter Cubes,15-Mar-22,"$1,533 ",434,76.65,needs Shipping,,,,,,
Curtice Advani,New Zealand,50% Dark Bites,27-Jan-22,"$9,765 ",85,488.25,needs Shipping,,,,,,
Beverie Moffet,Canada,Drinking Coco,5-Jul-22,$994 ,118,49.7,needs Shipping,,,,,,
Barr Faughny,USA,Caramel Stuffed Bars,29-Mar-22,"$3,318 ",299,265.44,needs Shipping,,,,,,
Mallorie Waber,Canada,Almond Choco,12-May-22,"$4,214 ",35,210.7,Delay Shipping,,,,,,
Oby Sorrel,USA,Drinking Coco,11-Mar-22,"$7,714 ",44,617.12,Delay Shipping,,,,,,
Brien Boise,New Zealand,Eclairs,11-Jul-22,"$4,690 ",299,234.5,needs Shipping,,,,,,
Gunar Cockshoot,New Zealand,Choco Coated Almonds,1-Aug-22,"$13,062 ",62,653.1,needs Shipping,,,,,,
Gunar Cockshoot,UK,Spicy Special Slims,16-Feb-22,"$12,488 ",200,624.4,needs Shipping,,,,,,
Curtice Advani,USA,After Nines,13-Apr-22,"$14,147 ",235,1131.76,needs Shipping,,,,,,
Oby Sorrel,India,Choco Coated Almonds,14-Feb-22,$49 ,363,2.45,needs Shipping,,,,,,
Ches Bonnell,Australia,Peanut Butter Cubes,14-Mar-22,"$10,199 ",68,509.95,needs Shipping,,,,,,
Oby Sorrel,Australia,Spicy Special Slims,26-Apr-22,"$11,389 ",26,569.45,Delay Shipping,,,,,,
Jehu Rudeforth,Canada,Manuka Honey Choco,5-Apr-22,"$3,584 ",200,179.2,needs Shipping,,,,,,
Camilla Castle,Canada,Drinking Coco,3-Mar-22,"$12,481 ",264,624.05,needs Shipping,,,,,,
Kaine Padly,USA,Spicy Special Slims,13-Jun-22,"$2,107 ",175,168.56,needs Shipping,,,,,,
Marney O'Breen,New Zealand,70% Dark Bites,14-Feb-22,"$8,603 ",352,430.15,needs Shipping,,,,,,
Roddy Speechley,New Zealand,99% Dark & Pure,18-Apr-22,"$7,483 ",183,374.15,needs Shipping,,,,,,
Oby Sorrel,New Zealand,85% Dark Bars,1-Feb-22,"$3,381 ",417,169.05,needs Shipping,,,,,,
Dotty Strutley,New Zealand,Orange Choco,4-Aug-22,"$2,030 ",146,101.5,needs Shipping,,,,,,
Andria Kimpton,New Zealand,Almond Choco,5-Apr-22,"$6,559 ",158,327.95,needs Shipping,,,,,,
Karlen McCaffrey,Australia,99% Dark & Pure,26-Jan-22,"$10,822 ",168,541.1,needs Shipping,,,,,,
Kaine Padly,UK,After Nines,21-Jan-22,"$18,697 ",176,934.85,needs Shipping,,,,,,
Kaine Padly,Canada,After Nines,22-Aug-22,"$5,845 ",172,292.25,needs Shipping,,,,,,
Kaine Padly,UK,Drinking Coco,27-Jan-22,"$2,317 ",224,115.85,needs Shipping,,,,,,
Rafaelita Blaksland,UK,50% Dark Bites,16-Feb-22,"$10,150 ",68,507.5,needs Shipping,,,,,,
Dotty Strutley,USA,Raspberry Choco,3-Jan-22,"$3,437 ",46,274.96,Delay Shipping,,,,,,
Karlen McCaffrey,USA,White Choc,24-Aug-22,"$4,592 ",2,367.36,Delay Shipping,,,,,,
Oby Sorrel,USA,Spicy Special Slims,7-Feb-22,"$5,691 ",417,455.28,needs Shipping,,,,,,
Mallorie Waber,Australia,Smooth Sliky Salty,11-Feb-22,"$4,158 ",109,207.9,needs Shipping,,,,,,
Kaine Padly,Canada,Organic Choco Syrup,29-Mar-22,"$5,684 ",81,284.2,needs Shipping,,,,,,
Marney O'Breen,USA,Peanut Butter Cubes,15-Jun-22,$693 ,350,55.44,needs Shipping,,,,,,
Dennison Crosswaite,UK,Smooth Sliky Salty,26-Apr-22,$546 ,142,27.3,needs Shipping,,,,,,
Brien Boise,Australia,Organic Choco Syrup,15-Jul-22,"$4,263 ",264,213.15,needs Shipping,,,,,,
Beverie Moffet,India,Organic Choco Syrup,23-Jun-22,"$1,036 ",20,51.8,Delay Shipping,,,,,,
Dennison Crosswaite,Australia,Baker's Choco Chips,11-Jan-22,"$13,846 ",421,692.3,needs Shipping,,,,,,
Beverie Moffet,UK,50% Dark Bites,9-Feb-22,"$2,499 ",271,124.95,needs Shipping,,,,,,
Van Tuxwell,UK,Almond Choco,6-Jun-22,"$10,689 ",204,534.45,needs Shipping,,,,,,
Dotty Strutley,UK,Caramel Stuffed Bars,10-Aug-22,"$5,768 ",235,288.4,needs Shipping,,,,,,
Wilone O'Kielt,Australia,Smooth Sliky Salty,4-Jan-22,"$2,226 ",46,111.3,Delay Shipping,,,,,,
Andria Kimpton,Canada,70% Dark Bites,8-Apr-22,"$10,262 ",15,513.1,Delay Shipping,,,,,,
Barr Faughny,UK,Milk Bars,2-Mar-22,"$3,864 ",430,193.2,needs Shipping,,,,,,
Van Tuxwell,Canada,Drinking Coco,15-Jun-22,"$4,900 ",709,245,needs Shipping,,,,,,
Jehu Rudeforth,Australia,After Nines,14-Feb-22,"$5,250 ",47,262.5,Delay Shipping,,,,,,
Husein Augar,UK,After Nines,5-Jul-22,"$3,507 ",380,175.35,needs Shipping,,,,,,
Barr Faughny,India,Mint Chip Choco,12-Jan-22,"$7,413 ",465,370.65,needs Shipping,,,,,,
Curtice Advani,India,Mint Chip Choco,3-Mar-22,"$8,155 ",96,407.75,needs Shipping,,,,,,
Jehu Rudeforth,New Zealand,Milk Bars,18-May-22,"$2,478 ",188,123.9,needs Shipping,,,,,,
Gunar Cockshoot,India,Caramel Stuffed Bars,28-Jul-22,"$2,471 ",202,123.55,needs Shipping,,,,,,
Curtice Advani,UK,Manuka Honey Choco,7-Feb-22,"$1,666 ",106,83.3,needs Shipping,,,,,,
Andria Kimpton,India,Orange Choco,30-May-22,$301 ,421,15.05,needs Shipping,,,,,,
Mallorie Waber,Australia,Raspberry Choco,25-Apr-22,"$8,400 ",27,420,Delay Shipping,,,,,,
Beverie Moffet,Canada,85% Dark Bars,16-Feb-22,"$6,139 ",45,306.95,Delay Shipping,,,,,,
Kelci Walkden,Australia,Drinking Coco,4-May-22,"$1,288 ",60,64.4,needs Shipping,,,,,,
Van Tuxwell,Canada,70% Dark Bites,2-Jun-22,"$7,077 ",77,353.85,needs Shipping,,,,,,
Dennison Crosswaite,USA,Caramel Stuffed Bars,11-Jul-22,"$2,317 ",464,185.36,needs Shipping,,,,,,
Beverie Moffet,New Zealand,Spicy Special Slims,7-Jun-22,$63 ,60,3.15,needs Shipping,,,,,,
Jan Morforth,UK,Almond Choco,6-Jul-22,"$9,744 ",157,487.2,needs Shipping,,,,,,
Husein Augar,India,Raspberry Choco,15-Jun-22,"$9,954 ",154,497.7,needs Shipping,,,,,,
Dotty Strutley,India,Mint Chip Choco,14-Apr-22,"$1,260 ",239,63,needs Shipping,,,,,,
Camilla Castle,India,Drinking Coco,8-Aug-22,$469 ,163,23.45,needs Shipping,,,,,,
Marney O'Breen,UK,Drinking Coco,29-Mar-22,$973 ,28,48.65,Delay Shipping,,,,,,
Roddy Speechley,Australia,Organic Choco Syrup,4-Jul-22,"$3,647 ",76,182.35,needs Shipping,,,,,,
Ches Bonnell,India,99% Dark & Pure,16-Feb-22,$455 ,96,22.75,needs Shipping,,,,,,
Rafaelita Blaksland,Canada,Spicy Special Slims,2-May-22,"$2,520 ",156,126,needs Shipping,,,,,,
Van Tuxwell,India,Eclairs,21-Jul-22,"$10,500 ",106,525,needs Shipping,,,,,,
Gunar Cockshoot,Australia,99% Dark & Pure,18-Aug-22,"$7,952 ",235,397.6,needs Shipping,,,,,,
Kaine Padly,USA,85% Dark Bars,22-Jun-22,$483 ,259,38.64,needs Shipping,,,,,,
Camilla Castle,UK,Peanut Butter Cubes,19-Jul-22,"$4,872 ",126,243.6,needs Shipping,,,,,,
Madelene Upcott,UK,Peanut Butter Cubes,12-Aug-22,"$7,756 ",85,387.8,needs Shipping,,,,,,
Madelene Upcott,USA,Choco Coated Almonds,7-Jun-22,"$5,446 ",132,435.68,needs Shipping,,,,,,
Marney O'Breen,Canada,Peanut Butter Cubes,8-Mar-22,"$6,594 ",91,329.7,needs Shipping,,,,,,
Ches Bonnell,Australia,Choco Coated Almonds,8-Apr-22,"$1,470 ",167,73.5,needs Shipping,,,,,,
Curtice Advani,Canada,Eclairs,6-May-22,$721 ,203,36.05,needs Shipping,,,,,,
Roddy Speechley,India,Drinking Coco,31-May-22,"$4,494 ",11,224.7,Delay Shipping,,,,,,
Van Tuxwell,Australia,Mint Chip Choco,13-Jan-22,"$2,674 ",295,133.7,needs Shipping,,,,,,
Dennison Crosswaite,USA,70% Dark Bites,15-Mar-22,$658 ,77,52.64,needs Shipping,,,,,,
Andria Kimpton,Canada,Peanut Butter Cubes,16-Feb-22,"$1,127 ",319,56.35,needs Shipping,,,,,,
Gigi Bohling,USA,70% Dark Bites,14-Jan-22,"$7,364 ",196,589.12,needs Shipping,,,,,,
Rafaelita Blaksland,Australia,White Choc,21-Mar-22,"$6,818 ",102,340.9,needs Shipping,,,,,,
Roddy Speechley,Canada,Drinking Coco,17-May-22,"$6,776 ",312,338.8,needs Shipping,,,,,,
Camilla Castle,New Zealand,85% Dark Bars,8-Aug-22,"$15,099 ",55,754.95,needs Shipping,,,,,,
Madelene Upcott,Canada,Milk Bars,26-Apr-22,"$3,612 ",82,180.6,needs Shipping,,,,,,
Madelene Upcott,Australia,70% Dark Bites,15-Apr-22,"$3,710 ",260,185.5,needs Shipping,,,,,,
Oby Sorrel,Canada,Eclairs,19-May-22,"$6,111 ",591,305.55,needs Shipping,,,,,,
Dennison Crosswaite,Canada,Drinking Coco,10-Jan-22,"$2,702 ",24,135.1,Delay Shipping,,,,,,
Mallorie Waber,New Zealand,After Nines,4-May-22,$483 ,228,24.15,needs Shipping,,,,,,
Roddy Speechley,Canada,White Choc,5-Apr-22,"$5,887 ",268,294.35,needs Shipping,,,,,,
Andria Kimpton,India,After Nines,17-Jan-22,$952 ,68,47.6,needs Shipping,,,,,,
Roddy Speechley,India,Spicy Special Slims,22-Mar-22,"$10,647 ",173,532.35,needs Shipping,,,,,,
Dotty Strutley,Australia,White Choc,5-Jul-22,"$6,055 ",93,302.75,needs Shipping,,,,,,
Oby Sorrel,Canada,Orange Choco,27-Apr-22,"$8,757 ",338,437.85,needs Shipping,,,,,,
Kaine Padly,Canada,Almond Choco,12-Aug-22,"$6,055 ",73,302.75,needs Shipping,,,,,,
Jan Morforth,UK,Baker's Choco Chips,11-Mar-22,$721 ,251,36.05,needs Shipping,,,,,,
Jehu Rudeforth,UK,Fruit & Nut Bars,13-May-22,"$8,589 ",229,429.45,needs Shipping,,,,,,
Dennison Crosswaite,USA,Smooth Sliky Salty,12-May-22,"$11,781 ",91,942.48,needs Shipping,,,,,,
Brien Boise,USA,Raspberry Choco,12-Jan-22,$672 ,194,53.76,needs Shipping,,,,,,
Madelene Upcott,New Zealand,Milk Bars,29-Mar-22,"$12,558 ",403,627.9,needs Shipping,,,,,,
Roddy Speechley,India,50% Dark Bites,14-Mar-22,"$8,337 ",12,416.85,Delay Shipping,,,,,,
Barr Faughny,New Zealand,99% Dark & Pure,24-May-22,"$8,134 ",195,406.7,needs Shipping,,,,,,
Dennison Crosswaite,Canada,Organic Choco Syrup,28-Jan-22,"$8,491 ",75,424.55,needs Shipping,,,,,,
Beverie Moffet,India,Almond Choco,24-May-22,"$3,066 ",96,153.3,needs Shipping,,,,,,
Brien Boise,Australia,Peanut Butter Cubes,19-Aug-22,$301 ,205,15.05,needs Shipping,,,,,,
Karlen McCaffrey,Australia,Spicy Special Slims,17-May-22,"$4,410 ",323,220.5,needs Shipping,,,,,,
Jehu Rudeforth,USA,White Choc,7-Jun-22,"$6,559 ",119,524.72,needs Shipping,,,,,,
Ches Bonnell,Canada,Organic Choco Syrup,26-Jul-22,$574 ,217,28.7,needs Shipping,,,,,,
Dotty Strutley,India,Eclairs,28-Jul-22,"$2,086 ",384,104.3,needs Shipping,,,,,,
Karlen McCaffrey,India,70% Dark Bites,23-May-22,"$5,075 ",344,253.75,needs Shipping,,,,,,
,,,,,,,,,,,,,
,,,,,,,,,,,,,
,,,,,,,,,,,,,
,,,,,,,,,,,,,
,,,,,,,,,,,,,
,,,,,,,,,,,,,
,,,,,,,,,,,,,
,,,,,,,,,,,,,
,,,,,,,,,,,,,
,,,,,,,,,,,,,
,,,,,,,,,,,,,
,,,,,,,,,,,,,
,,,,,,,,,,,,,
,,,,,,,,,,,,,
